1	human	1	30	0	0	0
3	olthoiworker	50	10000	150	197	280
5	lugianlaigus	20	3500	50	66	88
6	banderlingscout	8	1000	20	18	54
7	drudgeskulker	8	1000	5	5	15
8	mosswartcreeper	8	1000	34	34	52
10	mitescamp	8	1000	36	31	46
11	tuskermale	20	3500	50	56	84
12	phyntoswaspred	8	1000	10	14	44
13	ratwhite	8	1000	15	21	38
16	zombieundead	8	1000	40	44	66
17	gromnie	6	120	40	10	40
18	reedsharkelder	15	2000	30	36	64
19	armoredillobronze	20	3500	45	55	80
23	virindi	40	7000	100	100	200
177	armoredillospiny	8	1000	10	24	20
178	armoredillobrown	8	1000	20	39	35
179	armoredillospikey	8	1000	40	46	45
180	armoredillosandy	20	3500	60	60	95
183	banderlingraver	15	2000	35	32	80
184	banderlingcaptain	15	2000	50	51	92
185	bandit	6	30	3	0	1
187	banditlord	110	21490	270	285	350
188	banditmage	110	23514	140	260	140
189	culthighpriest	100	80000	275	200	370
190	cultmember	80	30000	230	180	350
191	cultpriest	80	30000	240	200	350
192	drudgeprowler	8	1000	28	8	20
193	drudgeslinker	8	1000	10	9	20
194	golemcopper	40	7000	155	126	250
195	golemgranite	60	17500	115	110	210
196	golemice	15	2000	54	34	86
197	golemiron	160	500000	427	219	284
198	golemlimestone	15	2000	52	32	85
199	golemmagma	100	80000	275	220	375
200	golemmud	8	1000	0	32	20
201	golemobsidian	60	17500	215	157	320
202	golemsandstone	15	2000	54	36	88
203	gromniehatchling	6	121	40	10	40
204	zombielich	20	3500	86	76	126
205	lugianobeloth	30	5000	72	84	118
206	lugianlithos	40	7000	105	105	200
208	mitematron	30	5000	66	76	104
209	mitesquib	15	2000	40	54	82
210	mosswartchief	30	5000	85	84	124
211	mosswartmudlurk	15	2000	58	55	66
212	olthoinoble	80	30000	225	225	325
213	olthoinymph	30	5000	115	160	100
214	olthoisoldier	60	17500	180	220	300
215	phyntoswaspblue	8	1000	34	42	64
216	phyntoswaspgreen	8	1000	24	32	64
217	phyntoswaspgold	50	10000	130	155	225
218	ratblack	15	2000	25	34	64
219	ratgrey	8	1000	20	20	42
220	ratbrown	8	1000	4	18	45
221	reedshark	15	2000	20	34	64
222	reedsharkveteran	15	2000	36	54	72
223	reedsharkpup	8	1000	16	16	44
224	rogue	95	13775	200	225	260
225	roguemage	95	18126	140	240	140
226	tumerokcaptain	50	10000	120	130	275
227	tumerokgladiator	80	30000	215	200	310
228	tumerokhighpriest	100	80000	260	205	380
229	tumeroklieutenant	50	10000	120	140	230
230	tumerokoverlord	80	30000	200	200	335
231	tumerokpriest	60	17500	240	180	325
232	tumerokscout	20	3500	46	55	72
233	tumerokwarrior	30	5000	72	84	111
234	tumerokworker	8	1000	38	37	62
235	tuskergoldenback	30	5000	60	97	70
236	tuskerfemale	15	2000	40	48	54
237	virindimaster	50	10000	105	120	200
238	virindipuppet	30	5000	65	77	165
619	zombierevenant	60	17500	170	165	300
937	banderlingguard	15	2000	80	47	105
938	banderlingraider	15	2000	40	37	80
939	banderlingyoung	8	1000	15	3	30
940	drudgesneaker	8	1000	10	9	20
941	golemwater	8	1000	15	32	30
942	golemwood	8	1000	25	30	45
943	mitescion	8	1000	8	29	32
944	mitedigger	8	1000	36	34	46
945	mitesentry	15	2000	46	52	81
946	mitesquire	20	3500	60	61	94
947	mosswartbarker	15	2000	76	66	76
948	mosswartfeeder	8	1000	35	42	64
949	ratred	15	2000	34	34	66
950	zombie	15	2000	75	66	124
1210	mercenary	115	24650	275	300	400
1218	banditthief	105	18656	220	255	300
1240	banderlingguardglenden	20	3500	74	72	120
1241	banderlingyoungglenden	20	3500	66	66	114
1242	drudgeprowlerglenden	15	2000	90	87	100
1243	ratblackglenden	30	5000	20	121	120
1255	drudgeprowlergreenmire	15	2000	43	65	100
1256	mosswartbarkergreenmire	15	2000	80	80	60
1257	mosswartchiefgreenmire	20	3500	85	120	80
1258	mosswartfeedergreenmire	15	2000	58	55	66
1259	mosswartmudlurkgreenmire	15	2000	60	60	40
1273	ratwhitegiant	80	30000	100	170	300
1321	drudgeskulkersewer	80	30000	0	0	0
1322	drudgesneakersewer	50	10000	15	5	15
1356	alfrethbanderlingcaptain	15	2000	50	40	60
1362	sylsfeartuskermale	15	2000	50	50	40
1404	lostlightguardian	60	17500	75	165	300
1405	lostlightholtburgrat	8	1000	75	85	75
1406	lostlightrithwicrat	15	2000	68	51	78
1407	lostlightsamsurdrudge	15	2000	90	87	100
1408	lostlightshoushidrudge	15	2000	90	87	100
1409	lostlightyanshidrudge	15	2000	90	87	100
1410	lostlightyaraqdrudge	15	2000	90	87	100
1461	mosswartmuckerice	15	2000	80	75	60
1462	banderlingbanditfire	60	17500	84	180	185
1463	undeadspecial	60	17500	170	165	300
1464	drudgerobber	8	1000	28	8	20
1465	undeadflaminghelm	30	5000	120	125	100
1466	undeaddefender	30	5000	120	115	100
1467	mitefood	8	1000	36	31	46
1468	drudgefood	8	1000	10	9	20
1469	banderlingfood	8	1000	20	18	54
1470	mosswartfood	8	1000	35	42	64
1484	banderlingbanditfast	50	10000	84	140	185
1486	mosswartmuckeracid	11	328	80	75	60
1497	banderlingguardden	10	365	80	40	50
1520	banderlingcolier	8	1000	40	40	40
1521	drudgecolier	8	1000	28	10	20
1522	undeadbaronminer	30	5000	120	100	100
1523	undeadcolier	15	2000	75	90	75
1524	undeadminer	15	2000	70	75	70
1535	wispethereal	5	225	15	47	60
1536	knathzbog	8	1000	30	10	50
1608	drudgelurker	40	7000	70	96	200
1609	drudgestalker	50	10000	85	142	225
1610	drudgeravener	80	30000	168	182	265
1611	gromnierust	8	1000	30	39	48
1612	gromnieazure	15	2000	50	36	50
1613	gromnieivory	15	2000	48	48	58
1614	gromniejade	15	2000	52	48	59
1615	gromnieash	30	5000	54	62	108
1616	gromnieswamp	15	2000	64	34	70
1617	lugianamploth	20	3500	72	76	108
1618	lugiangigas	50	10000	150	141	235
1619	mosswartshaman	20	3500	54	76	88
1620	olthoiinjured	15	2000	90	146	70
1621	olthoiqueen	201	16311	235	294	200
1622	phyntoswaspmire	15	2000	35	64	76
1623	ratdesert	15	2000	68	51	78
1624	ratswamp	15	2000	75	64	75
1625	ratmountain	20	3500	74	74	94
1626	ratsilver	30	5000	20	121	120
1627	tuskercrimsonback	30	5000	50	88	88
1628	tuskerslave	80	30000	210	200	320
1629	tuskerguard	80	30000	230	225	325
1630	zombielichlord	60	17500	125	136	240
1631	drudgelowslave	15	2000	35	35	45
1632	drudgehighslave	15	2000	43	65	100
1668	banderlingbreeder	15	2000	54	37	84
1669	banderlingchief	20	3500	58	54	103
1756	shadowchild	15	2000	72	84	104
1757	shadowlieutenant	60	17500	140	175	275
1758	shadow	30	5000	68	89	118
1759	skeleton	8	1000	2	18	20
1760	skeletonwarrior	20	3500	50	63	80
1761	skeletoncaptain	20	3500	60	82	110
1762	skeletonlord	40	7000	50	100	150
1763	mumiyahlesser	15	2000	50	73	68
1764	mumiyahgreater	20	3500	100	91	88
1765	mumiyahhorrible	50	10000	145	130	260
1766	armoredillostony	8	1000	30	46	45
1986	wispwater	8	1000	25	54	70
1987	wispghost	15	2000	35	62	74
1988	wispdark	20	3500	50	64	74
1989	wispshadow	50	10000	60	105	175
2186	mosswartswampshaman	15	2000	60	100	65
2223	dryreachbeggara	4	73	0	0	0
2224	dryreachbeggarb	5	80	0	0	0
2225	dryreachbeggarc	6	131	0	0	0
2439	tumerokfighter	20	3500	94	62	119
2481	tumerokkeya	60	17500	240	170	330
2482	tumerokkeyb	79	18069	225	200	330
2483	tumerokkeyc	80	30000	215	195	315
2484	tumerokkeyd	80	30000	200	190	340
2485	tumerokkeye	90	24626	230	200	360
2486	tumerokkeyg	95	36450	260	195	385
2487	tumerokkeyone	8	1000	25	30	25
2488	tumerokkeytwo	20	851	90	70	90
2489	tumerokkeythree	16	803	120	110	110
2490	tumerokkeyfour	41	2477	140	120	150
2491	tumerokoverlordboss	120	60822	298	260	400
2564	armoredillofreshwater	30	5000	75	74	105
2565	armoredilloshore	30	5000	79	95	120
2566	rabbitblack	4	800	0	0	0
2567	rabbitbrown	4	800	0	0	0
2568	rabbitwhite	666	1302592	0	210	200
2569	knathngell	8	1000	40	13	20
2570	knathstath	8	1000	70	17	20
2571	knathnosaj	15	2000	73	60	15
2572	knathdnob	15	2000	90	25	20
2573	knathtaed	15	2000	100	30	20
2574	monougarough	20	3500	30	24	64
2575	monougacrude	30	5000	66	74	102
2576	monougawild	30	5000	70	42	70
2577	shallowsshark	8	1000	22	17	44
2578	shallowslurker	15	2000	30	34	54
2579	shallowsslayer	15	2000	66	54	98
2580	mattekarwhite	15	2000	32	37	62
2581	mattekarsnowy	15	2000	50	52	84
2582	mattekargreat	20	3500	60	66	112
2583	sclavusse	15	2000	64	64	98
2584	sclavusaste	20	3500	63	63	106
2585	sclavusessa	30	5000	64	92	126
2586	sclavussata	60	17500	150	130	275
2607	glendenwoodalchemist	20	133	1	0	1
2608	zefirjibrit	8	1000	20	22	20
2610	zefirkilif	15	2000	20	25	62
2611	zefirzofrit	30	5000	20	30	84
2612	monougagiant	8	1000	40	7	45
3607	tibrithecavedweller	40	711	1	0	1
3663	skeletonadvocatedungeon	5	29	35	40	55
3917	collectoraluvian	5	154	1	0	1
3918	collectorgharundim	4	221	1	0	1
3919	collectorjewelsho	7	242	1	0	1
3920	collectorsho	5	221	1	0	1
3921	collectorstonegharundim	6	181	1	0	1
3922	collectortumerokaluvian	7	236	1	0	1
3923	collectorwingaluvian	5	152	1	0	1
3924	collectorwingsho	6	170	1	0	1
3925	crafterivoryaluvian	7	214	1	0	1
3926	crafterivorygharundim	8	230	1	0	1
3927	obsidianalchemistgharundim	6	215	1	0	1
3928	obsidianencountersho	7	217	1	0	1
3929	obsidiansmithaluvian	6	215	1	0	1
3930	olthoihunter	9	516	1	0	1
3931	trophysmithgharundim	8	241	1	0	1
3932	trophysmithsho	8	234	1	0	1
4055	despairportalsummoner	14	1195	4	0	5
4099	tumerokscoutarcher	20	3500	46	55	72
4100	tumerokwarriorarcher	30	5000	72	84	111
4101	tumerokfighterarcher	20	3500	94	62	119
4102	tumerokgladiatorarcher	80	30000	215	200	310
4103	tumeroklieutenantarcher	50	10000	120	140	230
4104	tumerokcaptainarcher	50	10000	120	130	275
4105	tumerokpriestarcher	60	17500	240	180	325
4106	tumerokhighpriestarcher	100	80000	260	205	380
4107	tumerokworkerarcher	8	1000	38	37	62
4108	shrethgnawer	8	1000	18	8	34
4109	shrethcarrion	8	1000	16	12	46
4110	shrethblood	8	1000	35	22	68
4111	shrethhunter	15	2000	39	44	88
4112	shrethvorous	15	2000	40	56	126
4119	monougacolossal	107	8878	40	50	45
4120	despairdrunk	4	15	1	0	1
4122	despairbitterman	33	1381	13	0	7
4123	zombielichtortured	30	5000	120	125	100
4124	zombielichoverseer	50	10000	180	125	100
4125	skeletonpileobones	8	1000	50	70	80
4126	skeletonaccursedminer	8	1000	50	70	80
4127	zombielichcursedforeman	60	17500	180	125	100
4131	rattan	8	1000	20	18	37
4132	ratrusset	8	1000	20	18	36
4201	pkmadman	14	1208	4	0	5
4202	pkhermit	14	1430	4	0	5
4212	monougatremendous	999	10980993	365	390	480
4213	leathercrafteraluvian	6	202	1	0	1
4214	leathercraftersho	5	78	1	0	1
4215	leathercraftergharundim	8	131	1	0	1
4216	golemdiamond	100	80000	260	212	357
4217	zombiedarkrevenant	80	30000	135	180	285
4242	chitticksharp	18	918	30	60	30
4243	chittickhorned	50	10000	140	165	236
4244	chittickstinging	100	80000	300	244	356
4245	mitesnippet	8	1000	10	27	32
4246	moarsmanrank	40	7000	100	125	195
4247	moarsmanfoul	80	30000	200	220	315
4248	moarsmanputrid	100	80000	280	240	400
4249	mosswartyoung	8	1000	20	34	20
4250	olthoiworm	14	778	120	150	60
4251	olthoigrub	18	1156	130	150	60
4252	olthoicrawler	24	1581	130	150	60
4253	shadowpanumbris	80	30000	220	185	320
4254	shadowumbris	80	30000	235	205	345
4255	shrethmalus	80	30000	175	155	265
4256	slithistendril	26	2733	68	74	140
4257	slithistentacle	18	1662	78	66	140
4258	slithiseyestalk	35	4328	100	110	190
4259	slithayrtendril	44	6625	90	135	200
4260	slithayrtentacle	53	8926	105	150	210
4261	slithayreyestalk	70	14954	185	185	310
4262	derugreen	13	477	30	50	30
4263	derutall	17	717	35	55	35
4264	derufull	20	977	40	65	40
4265	deruold	20	857	50	70	50
4266	skeletonoldbones	8	1000	21	18	20
4789	obsidianenchantersho	7	217	1	0	1
4794	rithwicbrentsella	7	82	1	0	1
4795	rithwiccelcynd	10	127	1	0	1
4796	rithwicmindorla	8	88	1	0	1
4897	skeletonguardian	18	752	60	90	110
4984	lichfrore	80	30000	230	225	330
4985	mattekarfrore	94	8516	60	70	60
4986	undeadfrore	80	30000	230	225	330
4987	zombiefrore	90	23411	230	225	330
4991	lich1frore	45	3492	150	125	120
4992	lich2frore	43	3315	150	125	120
4993	lich3frore	43	3315	150	125	120
5020	felscuda	5	154	1	0	1
5024	raxanzafolthid	8	154	1	0	1
5025	sclavusastefolthid	16	621	80	100	90
5033	holtburgflinrala	5	154	1	0	1
5035	holtburgworcer	5	154	1	0	1
5046	lytelthorpealeval	15	845	1	0	1
5047	lytelthorpebeltslora	4	64	1	0	1
5048	lytelthorpeercel	5	44	1	0	1
5063	yanshidaiya	11	224	1	0	1
5064	yanshilouei	9	135	1	0	1
5065	yanshiteven	5	106	1	0	1
5091	greeteraluvian	8	43	0	0	0
5092	greetersho	8	43	0	0	0
5093	greetergharundim	8	43	0	0	0
5094	traineraluvian	17	398	0	0	0
5095	trainersho	19	346	0	0	0
5096	trainergharundim	23	686	0	0	0
5119	nantoinuokonkou	11	232	4	0	5
5120	nantojiraping	9	147	4	0	5
5121	nantoshinro	9	208	4	0	5
5122	nantowashi	10	207	4	0	5
5137	samsurrubid	4	221	1	0	1
5138	samsursaqat	4	221	1	0	1
5152	alarqasjilsaya	11	161	2	0	2
5153	alarqasnurbaha	11	379	2	0	2
5154	alarqassarqah	11	161	2	0	2
5165	drudgecoveapple	8	1000	10	9	20
5177	yaraqahyara	4	221	1	0	1
5178	yaraqlubziklan	5	516	1	0	1
5179	yaraqmara	5	221	1	0	1
5180	yaraqnasun	4	221	1	0	1
5193	shoushioitongye	5	66	1	0	1
5195	shoushilouka	5	66	1	0	1
5196	drudgeskulkerwounded	8	11	0	0	0
5197	shoushinenai	5	65	1	0	1
5365	yaraqakyafi	4	203	1	0	1
5366	yaraqmayad	10	300	1	0	1
5369	zombiecovecrypt	8	1000	40	44	66
5370	drudgescrawled	8	1000	28	8	20
5429	rabbitdesert	4	800	0	0	0
5430	phantomwarrior	61	4132	133	60	130
5497	virindidirector	50	10000	105	120	200
5542	mitemazewizard	100	352	0	0	0
5595	drudgeskulkerdancer	4	45	5	5	15
5596	drudgeprowlerdancer	7	179	28	8	20
5597	banderlingscoutdancer	9	369	20	18	54
5598	banderlingraverdancer	14	809	35	32	80
5599	tuskerfemaledancer	16	912	40	50	50
5600	tuskergoldenbackdancer	27	1848	60	100	50
5636	fourtowerskeeper	7	84	0	0	0
5644	neydisacastleladytallial	50	2319	0	0	0
5656	skeletonlordburialtemple	160	500000	380	300	477
5658	banderlingcaptainmageacademy	14	982	50	51	92
5659	darkrevenantrytheran	105	9000	135	200	120
5669	zefirkilifmageacademy	16	890	20	25	62
5682	skeletoncharred	15	2000	50	70	80
5683	skeletonseared	20	3500	60	90	110
5684	skeletonbrelax	34	1847	80	110	120
5685	skeletoncambarth	35	2054	125	150	100
5686	virindimasterlethe	69	13500	180	225	100
5687	reedsharkalfrega	15	2000	30	20	30
5693	cragstonetranslator	62	4205	1	0	1
5695	zaikhaltranslator	65	4458	1	0	1
5705	fireelementalflicker	8	1000	10	12	25
5710	fireelementalflare	20	3500	35	25	55
5711	fireelementalflamma	60	17500	126	152	260
5712	fireelementalinferno	100	80000	315	252	402
5748	wispfire	80	30000	200	165	295
5750	skeletonnew	4	86	2	18	20
5751	golemicenew	16	1434	50	80	40
5752	olthoinoblenew	79	18336	225	225	325
5760	snowmanfrosty	8	1000	36	10	32
5761	snowmanhappy	8	1000	62	16	66
5763	aljalimatazal	132	6972	1	0	1
5766	snowmanunhappy	8	1000	50	50	50
5771	lagbeast	8	1000	10	10	10
5772	towncrieraluvianfemale	16	318	1	0	1
5773	towncrieraluvianmale	15	293	1	0	1
5774	towncriergharundimfemale	17	324	1	0	1
5775	towncriergharundimmale	17	340	1	0	1
5776	towncriershofemale	18	376	1	0	1
5777	towncriershomale	16	274	1	0	1
5836	banditcastlekarwin	8	107	1	0	1
5837	banditcastlegwillim	10	177	0	0	0
5838	banditcastlejourgensson	16	1682	0	0	0
5839	banditcastlemacdugal	20	2569	1	0	1
5867	darkrevenantfrisirth	117	8877	135	200	120
5868	lichlordfrore	100	80000	265	215	380
5869	revenanttremblant	75	5673	190	120	140
5874	plateaumairisa	22	1195	40	0	50
5890	mattekarhoary	80	30000	160	255	305
5891	soulcrystalgreatwork	126	43680	150	300	250
5898	leathercrafterneydisacastle	5	78	1	0	1
5921	lichimpioushighpriest	53	8800	140	139	265
5922	lichimpiouspriest	44	6500	133	119	228
5931	skeletonimpioussw	44	6500	153	122	240
5932	skeletonimpiousne	44	6500	153	122	240
5933	skeletonimpiousse	44	6500	153	122	240
5934	skeletonimpiousnw	44	6500	153	122	240
5941	shadyguycheap	8	209	0	0	0
5942	shadyguyexpensive	15	209	0	0	0
6006	tumerokcaptainarchernofall	53	8793	120	130	275
6007	tumerokcaptainnofall	53	8793	120	130	275
6008	tumerokfighterarchernofall	18	1305	94	62	119
6009	tumerokfighternofall	18	1305	94	62	119
6010	tumerokgladiatorarchernofall	74	14470	215	200	310
6011	tumerokgladiatornofall	74	14470	215	200	310
6012	tumerokhighpriestarchernofall	100	80000	260	205	380
6013	tumerokhighpriestnofall	100	80000	260	205	380
6014	tumeroklieutenantarchernofall	44	6305	120	140	230
6015	tumeroklieutenantnofall	44	6305	120	140	230
6016	tumerokpriestarchernofall	70	13912	240	180	325
6017	tumerokpriestnofall	70	13912	240	180	325
6018	tumerokscoutarchernofall	16	893	46	55	72
6019	tumerokscoutnofall	16	893	46	55	72
6020	tumerokwarriorarchernofall	26	2533	72	84	111
6021	tumerokwarriornofall	26	2533	72	84	111
6022	tumerokworkerarchernofall	9	376	38	37	62
6023	tumerokworkernofall	9	376	38	37	62
6025	hamudibnrafik	73	4973	1	0	1
6026	devanabinthamudi	20	870	1	0	1
6039	crystalbrokenfragment	18	1594	100	80	150
6040	crystalfragment	35	4000	150	198	250
6041	crystaldualfragment	80	30000	150	192	250
6078	rabbitbabyblack	2	3	0	0	0
6079	rabbitbabybrown	2	3	0	0	0
6080	rabbitbabywhite	360	117255	208	208	208
6081	rabbitbabydesert	2	3	0	0	0
6356	craterlakemagma	49	2887	0	0	0
6379	lightningelementalastyrrian	115	125000	330	260	415
6380	lightningelementalscintilla	60	17500	144	158	290
6381	lightningelementalspark	20	3500	35	25	55
6382	lightningelementalstatic	8	1000	10	12	25
6384	emotetestdrudge	2	18	0	0	0
6386	emotetestnpc	5	154	1	0	1
6402	shadowpanumbrisstealth	155	13288	150	300	190
6403	shadowumbrisstealth	186	16083	180	300	220
6442	teststarteventdrudge	2	10	0	0	0
6443	teststopeventdrudge	2	10	0	0	0
6452	shadowlerrhanalpha	31	2500	80	240	90
6453	shadowlerrhanbeta	31	2500	80	240	90
6534	shadowsprite	8	1000	20	29	50
6535	shadowchildsmall	8	1000	44	46	78
6536	shadowchildsmallspire	4	220	40	80	80
6537	shadowspire	12	630	80	180	90
6538	shadowchildspire	30	1842	120	240	130
6539	shadowlieutenantspire	65	4623	140	300	150
6540	shadowpanumbrisspire	155	13288	150	300	190
6554	shadowcaptainalpha	155	12000	150	300	190
6555	shadowcaptainbeta	155	12000	150	300	190
6556	blackferahalpha	155	12000	150	300	190
6557	blackferahbeta	155	12000	150	300	190
6558	shadowlerrhangamma	31	2500	80	240	90
6559	blackferahgamma	155	12000	150	300	190
6560	isindulealpha	257	24000	180	300	220
6561	isindulebeta	257	24000	180	300	220
6592	jibrilibnrashid	53	3394	1	0	1
6625	aleanthesteelforger	53	3394	1	0	1
6626	kogahideki	53	3394	1	0	1
6635	olthoicrawlernofall	24	1581	130	150	60
6636	olthoiinjurednofall	12	489	90	146	70
6637	olthoinoblenofall	80	30000	225	225	325
6638	olthoinymphnofall	32	3525	115	160	100
6639	olthoiqueennofall	201	16311	235	294	200
6640	olthoisoldiernofall	60	17500	180	220	300
6641	olthoiworkernofall	53	9075	150	197	280
6642	olthoiwormnofall	14	778	120	150	60
6644	emotetestdrudge2	4	25	15	25	15
6645	golemunstablemagma	100	80000	185	155	295
6770	crimsonsilifikayna	74	233	0	0	0
6771	mumiyahgreatercrimsonhaft	72	862	100	100	50
6772	mumiyahgreatercrimsonruby3	20	3500	100	100	50
6773	skeletoncaptaincrimsonruby1	50	10000	80	110	120
6774	skeletonlordcrimsonruby5	50	10000	80	110	120
6775	skeletonwarriorcrimsonruby4	50	10000	80	110	120
6781	ancientlighthouseprisoner	15	307	1	0	1
6784	shadowcaptaingamma	155	12000	150	300	190
6785	blackferahthree	155	12000	150	300	190
6788	soulcrystalnexus	126	54180	200	400	350
6806	crystalnexusfragment	79	14639	150	208	250
6810	shadownexus	155	12000	150	300	190
6811	shadownexuscaptain	153	24000	180	300	220
6823	golemwoodsmall	126	2000000	25	50	25
6824	mosswartsmall	126	1000000	60	60	40
6825	olthoismall	126	3000000	10	10	10
6829	shadowspireeastham	14	800	80	180	120
6830	shadowspirecragstone	14	800	80	180	120
6831	shadowspiretoutou	41	2500	80	240	160
6832	shadowspiresawato	41	2500	80	240	160
6833	shadowspirekhayyaban	89	5000	140	300	200
6834	shadowspiretufa	89	5000	140	300	200
6847	dryreachquestnpc	15	307	1	0	1
6848	dryreachprisoner	21	548	1	0	1
6872	ayanbaqurnoble	59	3102	2	0	2
6873	ayanbaqurdrunkenscholar	50	3709	2	0	2
6882	tumerokdryreachguard	60	17500	120	190	310
6889	neydisacastlegormling	17	182	1	0	1
6890	nantomiyako	15	392	4	0	5
7081	armoredilloplate	100	80000	302	264	379
7082	armoredilloisland	40	7000	103	125	224
7083	armoredillotitanium	160	500000	353	333	457
7084	armoredillohoary	80	30000	223	232	326
7085	banderlingberserker	80	30000	154	210	255
7086	banderlingthrasher	100	80000	290	285	380
7087	banderlingogre	20	3500	74	72	120
7088	banderlingmauler	100	80000	170	225	300
7089	drudgealtered	80	30000	205	200	347
7090	drudgeaugmented	80	30000	185	195	250
7091	drudgeascendant	115	125000	280	249	370
7092	fireelementalfirestorm	100	80000	263	245	370
7093	fireelementalhellfire	115	125000	290	272	402
7094	lightningelementalsynnast	115	125000	330	260	415
7095	lightningelementalscathisa	100	80000	330	260	415
7096	golemgold	100	80000	256	205	354
7097	golemplatinum	135	250000	300	265	429
7098	golemplasma	115	125000	318	255	400
7099	golemvapor	115	125000	300	250	395
7100	lugianextas	80	30000	240	235	375
7101	lugiantiatus	100	80000	300	260	400
7102	mosswartmirewitch	80	30000	190	200	310
7103	mosswartclinger	67	13448	180	180	300
7104	mosswartswamplord	95	26607	250	225	350
7105	phyntoswaspwhite	80	30000	230	230	345
7106	ratsewer	50	10000	40	160	275
7107	ratwasteland	80	30000	130	200	290
7108	shallowsdestroyer	60	17500	130	125	270
7109	shallowsdevourer	50	10000	100	115	200
7110	sclavusulu	80	30000	155	160	180
7111	sclavusfaisi	80	30000	225	210	345
7112	sclavuschomu	100	80000	245	220	365
7113	shrethgauloth	100	80000	270	240	370
7114	shrethrendeath	115	125000	305	280	400
7115	tuskeralbino	27	1864	60	97	50
7116	mumiyahhigh	80	30000	276	224	345
7117	mumiyahguardian	80	30000	300	239	400
7118	mumiyahroyal	115	125000	403	294	455
7119	mumiyahimperial	100	80000	393	284	445
7120	mumiyahemperorgeraine	49	3601	130	134	70
7121	skeletonbonelord	60	17500	140	170	250
7122	skeletongreat	100	80000	220	210	320
7123	zombiedarkleech	80	30000	140	165	260
7124	zombiedarkmagus	80	30000	200	190	290
7125	wispaffliction	115	125000	385	200	440
7126	wispcursed	80	30000	250	225	355
7127	wispnightmare	115	125000	390	210	455
7128	zefirsufut	50	10000	50	170	260
7129	zefirnalif	80	30000	60	205	275
7178	skeletoncursedbones	80	30000	175	200	290
7179	skeletonrelicbones	80	30000	160	190	275
7180	moarsmanashen	30	5000	90	80	90
7181	moarsmandesolation	115	125000	332	282	432
7182	moarsmanlava	32	2915	90	80	90
7183	phyntoswaspjungle	50	10000	160	170	130
7184	tuskersilver	80	30000	220	220	315
7240	bowyermasterbarnar	17	332	1	0	1
7241	bowyermasteryuanhanzu	24	635	1	0	1
7330	banderlingbasher	60	17500	140	170	260
7331	banderlinghunter	100	80000	360	225	410
7332	banderlingblade	20	3500	66	66	114
7333	banderlingmangler	100	80000	175	225	290
7334	skeletonboneknight	60	17500	120	160	265
7335	drudgealteredhigh	80	30000	205	200	347
7336	drudgeaugmentedhigh	80	30000	185	195	250
7337	drudgeascendanthigh	125	65518	280	249	370
7340	virindiobserver	100	80000	300	230	370
7345	banderlingstriker	50	10000	162	105	260
7346	banderlingenforcer	100	80000	260	225	380
7348	zombiesoulfearingacolytearea1	50	10000	125	136	240
7349	zombiesoulfearingacolytearea2	50	10000	125	136	240
7350	zombiesoulfearingacolytearea3	50	10000	125	136	240
7369	darkmagusaerfalle	100	80000	283	199	382
7370	firestormesper	100	80000	207	214	342
7371	hellfirelethe	100	80000	193	208	334
7372	relicbonesportal	100	80000	193	208	334
7373	hellfiretenkarrdun	100	80000	193	208	334
7392	golemmegamagma	100	80000	213	200	350
7397	revenantsylsfear	80	30000	130	182	120
7401	ashenbonesejan	100	80000	257	201	374
7402	aerlintheherald1	62	4220	130	182	120
7403	aerlintheherald2	62	4220	130	182	120
7404	magmagolemrepair	49	2887	0	0	0
7405	magmagolemsmith	49	2887	0	0	0
7418	easterbunny	8	24	0	0	0
7421	golemdiamondnofall	100	80000	260	212	357
7422	zombiedarkrevenantnofall	80	30000	135	180	285
7423	zombielichlordnofall	60	17500	125	136	240
7424	zombierevenantnofall	60	17500	170	165	300
7431	zombiesoulfearingacolytetower1	20	3500	86	76	126
7432	zombiesoulfearingacolytetower2	20	3500	86	76	126
7433	zombiesoulfearingacolytetower3	20	3500	86	76	126
7487	fireelementalinferno-nospawn	100	80000	315	252	402
7490	skeletoncaptain-nofall	21	1874	60	82	110
7491	skeletonwarrior-nofall	20	3500	50	63	80
7507	golemcoral	100	80000	235	200	340
7550	lugianamplothminer	20	3500	50	999	70
7551	lugianextasminer	100	80000	280	280	390
7552	lugiangigasminer	60	17500	195	220	315
7553	lugianlaigusminer	40	7000	115	155	210
7554	lugianlithosminer	50	10000	170	210	270
7555	lugianobelothminer	50	10000	145	175	245
7560	stoneholdmotecollector	58	880	0	0	0
7607	fireelementalember	80	30000	189	200	300
7618	rockslideb	32	2674	50	115	40
7619	rockslidec	32	2674	50	115	40
7626	golemcoralgreen	100	80000	235	190	340
7773	mikrauli	66	4517	1	0	1
7780	skeletonashenbones	60	17500	175	185	270
7819	zombiesoulfearing-melee	15	2000	75	66	124
7820	zombielichsoulfearing-melee	20	3500	86	76	126
7821	skeletoncaptainsoulfearing-melee	20	3500	60	82	110
7822	skeletonlord-melee	40	7000	50	100	150
7978	grievverscrawed	50	10000	70	140	175
7979	grievvervirulent	50	10000	90	200	185
7980	grievvervenomous	80	30000	172	230	250
7981	grievverharrower	100	80000	266	255	355
7982	grievverdestroyer	115	125000	275	265	360
7983	grievverbane	115	125000	282	265	375
7984	niffisparfal	14	808	80	68	34
7985	niffislistris	18	1152	76	74	44
7986	niffisglissnal	21	1638	74	84	63
7987	niffisopor	61	11305	165	150	285
7988	niffissephal	67	12774	150	160	280
7989	ursuinscavenger	8	1000	25	22	36
7990	ursuinfield	8	1000	46	42	86
7991	ursuintiofor	20	3500	66	76	104
7992	ursuinesper	40	7000	90	95	200
7993	ursuinlinvak	30	5000	90	105	75
7994	ursuindire	60	17500	140	165	275
8010	crystalbrokenfragmentnew	20	3500	100	80	150
8011	crystalcaulnalain	80	30000	250	199	347
8012	crystaldualfragmentnew	80	30000	262	202	328
8013	crystalfenmalain	50	10000	152	132	256
8014	crystalfragmentnew	40	7000	135	105	155
8015	crystalshendolain	100	38000	293	207	390
8034	soulcrystalcaulnalain	126	5000	150	300	300
8035	soulcrystalfenmalain	126	2500	180	220	250
8036	soulcrystalshendolain	126	10000	270	450	450
8052	grievverscrawledtufa	34	800	70	180	75
8053	shadowtufa	31	3125	80	200	90
8054	shadowspritetufa	2	25	20	49	50
8055	shadowchildtufa	12	1000	80	177	90
8105	shadowcyst	50	10000	140	300	200
8108	crystalcaulnalainsatellite	60	17500	183	168	303
8109	crystalfenmalainsatellite	30	5000	147	99	190
8110	crystalshendolainsatellite	90	22500	293	211	390
8120	shadowcaulnalain	80	30000	220	192	346
8121	shadowfenmalain	50	10000	102	128	202
8122	undeadfenmalain	50	10000	132	125	230
8123	undeadshendolain	100	30000	300	203	384
8124	uzizcrystalcollectorbow	30	1658	1	0	1
8125	uzizcrystalcollectororb	32	1790	1	0	1
8126	uzizcrystalcollectorshield	30	1658	1	0	1
8136	arwicketnan	8	186	1	0	1
8137	lugiantiatusraider	115	125000	315	295	415
8138	lugianextasraider	100	80000	280	280	390
8139	lugiangigasraider	60	17500	195	220	315
8140	lugianlaigusraider	40	7000	115	155	210
8141	lugianlithosraider	50	10000	170	210	270
8142	lugianobelothraider	50	10000	145	175	245
8143	lugianamplothraider	40	7000	135	155	225
8155	collectorleopold	40	2213	1	0	1
8178	refereectfa	11	161	2	0	2
8179	refereectfb	11	161	2	0	2
8215	mitematronxara	30	5000	66	76	104
8216	mitesquirexara	20	3500	60	61	94
8222	ratswampxara	15	2000	75	64	75
8229	xaracollector	62	4205	1	0	1
8258	banderlingcaptaincamp	15	2000	50	51	92
8264	virindidirectorsotiris	85	14000	180	187	100
8265	virindidirectortumideon	80	30000	180	187	100
8266	zaikhalvirindischolar	21	365	2	0	2
8267	shadownofall	26	2793	68	89	118
8268	shadowlieutenantnofall	60	17500	140	175	275
8269	hollowminiontumideon	60	17500	200	210	320
8270	hollowminionsotiris	80	30000	140	155	240
8271	scarecrowrickety	4	111	24	28	44
8272	scarecrowsuspicious	9	390	34	34	34
8273	scarecrowshifty	12	671	44	46	44
8274	scarecrowshady	16	1176	54	60	94
8362	easthamolivierrognath	8	389	1	0	1
8370	xaragemcollector	47	3155	1	0	1
8402	maskcollectorsho	28	1227	1	0	1
8403	maskcollectorgharundim	28	1227	1	0	1
8404	maskcollectoraluvian	28	1227	1	0	1
8405	fireelementalflammanofall	60	17500	126	152	260
8406	fireelementalflarenofall	18	910	35	25	55
8407	zefirzofritnofall	28	1402	20	30	40
8423	shadowchildmeditate	8	1000	40	79	80
8427	mosswartfanatic	30	5000	100	120	100
8428	mosswartidolater	30	5000	90	140	90
8429	mosswartzealot	40	7000	130	140	230
8430	mosswartsoultrapper	50	10000	120	115	230
8431	mumiyahnomad	100	80000	355	230	410
8441	krystleader	61	3205	2	0	2
8466	idol	30	5000	135	90	200
8467	idoldread	80	30000	270	215	380
8468	sulthistendril	85	20885	180	210	315
8469	sulthistentacle	79	17922	210	200	315
8470	sulthiseyestalk	95	26942	260	215	360
8490	freeholdleader	46	2479	2	0	2
8491	freeholdlieutenant	40	1976	2	0	2
8537	darkrevenantasmolum	277	24917	335	400	120
8538	grievverbaneherald	190	23000	110	270	200
8540	shadowinfiltrator	153	25000	180	185	220
8542	soulcrystalherald	135	80025	270	450	450
8543	skeletongreatgeneral	136	15000	176	220	253
8544	tuskersilverherald	120	21000	250	240	300
8545	virindiobserverherald	100	14500	200	240	300
8562	skeletonlordfortarcher	40	7000	50	100	150
8563	zombielichtowerarcher	21	1989	86	76	126
8583	shadowcloudcreature	185	800000	80	200	90
8591	zombiedarkrevenantmeditate	80	30000	135	180	285
8592	zombierevenantmeditate	61	12057	170	165	300
8593	skeletonrelicbonesmeditate	167	14000	210	200	240
8594	skeletonashenbonesmeditate	79	18036	175	185	270
8595	skeletoncursedbonesmeditate	80	30000	175	200	290
8614	mosswartcollectorrumuba	15	376	1	0	1
8654	leathercrafterpoacher	45	955	1	0	1
8672	zombierisen	30	5000	150	120	140
8673	zombierisenknight	40	7000	120	150	235
8675	asheron	710	50593	0	220	200
8764	collectorchosenfirstact	50	2184	0	0	0
8765	collectorchosensecondactalu	50	2752	0	0	0
8766	collectorchosensecondactgha	54	3069	0	0	0
8767	collectorchosensecondactsho	60	3437	0	0	0
8815	undeadmausoleumwarden	50	10000	125	136	100
8816	undeadmausoleumguardian	50	10000	125	136	100
8817	shadowheartleaderlower	115	125000	300	230	403
8818	shadowheartleaderupper	115	125000	300	230	403
8819	virindimasterchakron	115	125000	275	265	385
8820	virindiservantchakron	115	125000	275	265	385
8821	baelzharonkillable	899	50000	0	20	200
8822	blackferahkillable	135	250000	335	255	415
8823	lerrahnkillable	153	24000	180	185	220
8866	moarsmanputridadja	100	80000	280	240	400
8869	virindimasterwalllicker	50	10000	105	120	200
8872	rabbitdancingsteele	666	200000	0	210	200
8873	mosswartdancingsteele	11	319	60	60	40
8908	archmagechaotic	5	154	1	0	1
8910	monolithcreature	500	26680	1	0	1
8911	monolithitem	500	26680	1	0	1
8912	monolithlife	500	26680	1	0	1
8913	monolithwar	500	26680	1	0	1
8967	undeaddecayingwarrior	60	17500	120	115	100
8968	skeletonfleshlesswarrior	80	30000	180	190	280
9048	golemdiamondguard	308	27417	130	204	220
9049	golemiron-nofall	35	4110	110	100	215
9050	golemnepholhi	115	125000	323	259	408
9051	golemnepholhi-nostone	115	125000	323	259	408
9052	golemnephollow	40	7000	50	115	40
9053	golemnephollow-nostone	40	7000	50	115	40
9054	golemnepholmed	60	17500	150	197	150
9055	golemnepholmed-nostone	60	17500	150	197	150
9056	golemtrainereaushi	365	32141	0	0	0
9057	golemzirconium	8	1000	20	35	30
9099	wispfiresummoned	80	30000	200	165	295
9100	wisphierohall	100	80000	100	10	10
9131	virindibeaten	11	161	2	0	2
9132	virindibroken	11	161	2	0	2
9133	virindiconquered	11	161	2	0	2
9134	virindileashed	11	161	2	0	2
9135	virinditamed	11	161	2	0	2
9145	tumerokvanguardleadernorth	26	80000	100	106	95
9146	tumerokvanguardleadersouth	100	80000	100	106	95
9149	farmermage	11	161	2	0	2
9163	mosswartmirewitchmartine	80	30000	190	200	310
9165	mosswartswamplordmartine	90	25128	272	215	384
9198	virindidirectoraerbax	85	14000	180	187	100
9213	ayanbaqurarmorerdungeon	15	650	2	0	2
9214	ayanbaqurbarkeeperdungeon	11	323	8	0	5
9215	ayanbaqurbowyerdungeon	17	515	4	0	8
9216	ayanbaqurdrunkenscholardungeon	14	334	2	0	2
9217	ayanbaqurgrocerdungeon	9	133	2	0	2
9218	ayanbaqurhealerdungeon	16	636	0	0	0
9219	ayanbaqurivorycrafterdungeon	8	197	1	0	1
9220	ayanbaqurjewelerdungeon	10	159	2	0	2
9221	ayanbaqurleathercrafterdungeon	8	114	1	0	1
9222	ayanbaqurscribedungeon	12	287	2	0	2
9223	ayanbaqurtowncrierdungeon	13	271	1	0	1
9224	ayanbaqurweaponsmithdungeon	20	959	4	0	1
9226	archerundeadtrophy	45	1026	0	0	0
9227	mageundeadtrophy	45	1015	0	0	0
9228	warriorundeadtrophy	45	998	0	0	0
9242	dollinnocent	50	10000	163	115	274
9243	dollinnocuous	50	10000	118	95	220
9244	dollpristine	60	17500	168	115	279
9249	marionette	26	2613	80	80	135
9250	marionettedark	35	4722	75	105	195
9251	monougabrutish	50	10000	165	134	255
9252	monougaferocious	60	17500	200	180	321
9253	monougawily	60	17500	190	134	300
9254	mumiyahancient	50	10000	150	120	265
9255	mumiyahdread	60	17500	225	189	320
9256	reedsharkdunereaver	40	7000	100	120	175
9257	reedsharksiltlurker	30	5000	68	76	128
9264	virindiexecutor	100	80000	290	200	395
9275	aerfallekeepnpcstopgap	15	307	1	0	1
9298	ayanbaqurvirindileathercrafter	40	2213	1	0	1
9299	ayanbaqurvirindiivorycrafter	40	2213	1	0	1
9300	ayanbaqurvirindiulgrim	40	2177	1	0	1
9301	ayanbaqurvirindiobserverunattackable	40	4425	1	0	1
9307	undeadlargetrianglequest	66	4517	1	0	1
9308	undeadsmalltrianglequest	66	4517	1	0	1
9309	undeadtinytrianglequest	66	4517	1	0	1
9325	virindidirectorpanopticon	85	14000	180	187	100
9326	virindiobserverablinchpin	100	14500	200	240	300
9327	bowyermasteryuanhanzurefugee	24	635	1	0	1
9328	ayanbaqurnoblerefugee	59	3102	2	0	2
9382	virindimastergeraux	60	17500	180	187	100
9383	virindimasternelamar	60	17500	180	187	100
9396	lugiancommandera	79	18831	250	230	360
9397	lugiancommanderb	79	18831	250	230	360
9398	lugiancommanderc	80	30000	250	230	360
9399	lugiancommanderlinvak	80	30000	250	230	360
9400	mattekardire	40	7000	110	115	165
9401	mattekardread	40	7000	120	135	205
9406	linvaktukalleader	221	17763	2	0	2
9407	linvaktukalsmith	148	10854	2	0	2
9408	mattekarbalor	126	9562	0	0	0
9463	lugianlieutenanta	70	15514	230	230	330
9464	lugianlieutenantb	70	15514	230	230	330
9465	lugianlieutenantc	80	30000	230	230	330
9467	lugianlinvakemissary	46	2562	2	0	2
9492	gamblerbossalu	20	454	1	0	1
9493	gamblerbossgha	24	599	1	0	1
9494	gamblerbosssho	21	474	1	0	1
9495	gamblergmhighalu	16	318	1	0	1
9496	gamblergmhighgha	16	318	1	0	1
9497	gamblergmhighsho	16	318	1	0	1
9498	gamblergmlowalu	16	318	1	0	1
9499	gamblergmlowgha	16	318	1	0	1
9500	gamblergmlowsho	16	318	1	0	1
9501	gamblergmmidalu	16	318	1	0	1
9502	gamblergmmidgha	16	318	1	0	1
9503	gamblergmmidsho	16	318	1	0	1
9527	farmerofrabbits	29	165	0	0	0
9531	rabbitgardengreen	50	10000	90	150	150
9532	rabbitgardengreenboss	50	10000	90	150	150
9533	rabbitgardenpink	50	10000	90	150	150
9534	rabbitgardenpinkboss	50	10000	90	150	150
9535	rabbitgardenpurple	50	10000	90	150	150
9536	rabbitgardenpurpleboss	50	10000	90	150	150
9538	farmerofrabbitsnpc	29	165	0	0	0
9542	farmerofrabbitsstopgap	29	165	0	0	0
9544	bestowercollectoralu	5	154	1	0	1
9545	bestowercollectorgha	4	221	1	0	1
9546	bestowercollectorsho	5	221	1	0	1
9672	tumerokshaman	20	1263	120	107	110
9673	explorerbachlien	15	392	4	0	5
9676	danbyoutpostcook	59	3642	1	0	1
9691	tumerokgladiatoraltar	74	14470	215	200	310
9692	tumerokshamanaltar	20	1263	120	107	110
10708	drudgeravenerblackclawnorth	80	30000	168	182	265
10709	drudgeravenerblackclawsouth	80	30000	168	182	265
10710	drudgestalkerraidernorth	50	10000	85	142	225
10711	drudgestalkerraidersouth	50	10000	85	142	225
10717	virindidirectorinculcator	85	14000	180	187	100
10718	virindidirectorstagingground	85	14000	180	187	100
10737	virindimastermajordomo	40	2177	1	0	1
10738	virindiservantberkholt	45	3313	180	187	100
10739	virindiservantdaryam	45	3313	180	187	100
10740	virindiservantellimar	45	3313	180	187	100
10741	virindiservantmuhiza	45	3313	180	187	100
10742	virindiservantnihara	45	3313	180	187	100
10743	virindiservantsangnenkai	45	3313	180	187	100
10744	virindiservantsungwenxio	45	3313	180	187	100
10745	virindiservantthiuda	45	3313	180	187	100
10755	npceventhandler	29	165	0	0	0
10767	dollbattered	40	7000	89	60	205
10769	dollbatteredsummoned	35	4385	89	60	205
10770	dollbeaten	30	5000	55	60	130
10772	dollbeatensummoned	26	2565	55	60	130
10773	dollbroken	20	3500	55	55	120
10774	dollbrokensummoned	18	1545	55	55	120
10775	drudgeaugmentedsummoned	80	30000	185	195	250
10776	drudgeunconquered	115	125000	275	260	375
10778	drudgeunconqueredsummoned	115	125000	275	260	375
10787	hollowminionterebrous	80	30000	270	250	365
10789	hollowminionterebroussummoned	85	22201	270	250	365
10790	hollowminiontumideonsummoned	61	12571	200	210	320
10798	riftethereal	80	30000	280	230	400
10799	riftnarrow	50	10000	200	145	320
10800	riftquiddity	115	125000	370	295	460
10801	riftshallow	20	3500	106	80	154
10802	riftunstable	100	80000	370	280	415
10806	tumerokascendant	100	80000	220	210	360
10807	tumerokaugmented	100	80000	230	210	355
10808	tumerokaugmentedsummoned	100	80000	200	180	200
10810	tuskerrampager	100	80000	240	230	330
10811	tuskerrampagersummoned	95	35260	240	230	330
10814	virindibossmonster	100	80000	300	250	390
10815	virindibossmonstersummoned	100	80000	300	250	390
10817	virindidirectorjulyattack	85	14000	180	187	100
10818	virindiexecutorsummoned	100	80000	290	200	395
10819	virindiinquisitorevent	210	40000	200	300	300
10822	virindimasterwarden	45	3313	180	187	100
10823	virindiobserverdiplomat	100	14500	200	240	300
10824	virindiobserverguardian	135	250000	300	300	405
10825	virindiobserversummoned	100	80000	300	230	370
10842	maraebehdo-xp	10	171	1	0	1
10865	maraebritana-xp	8	186	1	0	1
10866	maraemazur-xp	17	559	1	0	1
10879	minionmartinemarae-xp	71	3918	2	0	2
10904	boygrubinfestednoble-nofall-xp	79	18336	225	225	325
10905	boygrubinfestednoble-xp	79	18336	225	225	325
10906	boygrubinfestedpraetorian-nofall-xp	146	11826	210	191	175
10907	boygrubinfestedpraetorian-xp	146	11826	210	191	175
10908	boygrubinfestedsoldier-nofall-xp	61	3951	130	180	200
10909	boygrubinfestedsoldier-xp	61	3951	130	180	200
10910	boygrubinfestedworker-nofall-xp	53	3025	100	130	180
10911	boygrubinfestedworker-xp	53	3025	100	130	180
10912	boygrubolthoigrubally-nofall-xp	18	1156	130	150	60
10913	boygrubolthoigrubally-xp	18	1156	130	150	60
10914	boygrubolthoigrub-nofall-xp	18	1156	130	150	60
10915	boygrubolthoigrub-xp	20	3500	130	150	60
10922	boygrubgossip-xp	27	180	1	0	1
10923	boygrubidiotboy-xp	4	180	1	0	1
10924	boygrubpetgrub-xp	7	186	1	0	0
10930	deruskuld-xp	9798	940046	1	0	1
10931	deruurd-xp	9798	940046	1	0	1
10932	deruverdandi-xp	9798	940046	1	0	1
10936	golemdiamondbadtrip-xp	361	30000	130	204	220
10937	heatumeroknualuankanokeh-xp	50	10000	120	150	275
10938	humanchampionarcher-xp	120	26949	300	300	400
10940	humanchampiondagger-xp	120	27176	300	300	400
10941	humanchampionog-xp	120	30438	300	265	300
10942	humanchampionsword-xp	120	27041	315	300	400
10943	humanchampionwarmage-xp	120	30438	300	265	300
10944	reedsharkhunter1-xp	80	30000	220	250	355
10945	reedsharkhunter2-xp	80	30000	220	250	355
10946	reedsharkhunter3-xp	85	20297	220	250	355
10947	reedsharkhunter4-xp	80	30000	220	250	355
10948	tumerokchampionkanokeh-xp	80	30000	200	200	335
10949	tumerokchampionkarenua-xp	80	30000	200	200	335
10950	tumerokchampionralirea-xp	80	30000	200	200	335
10951	tumerokchampiontemenua-xp	80	30000	200	200	335
10952	tumerokchampiontuperea-xp	80	30000	200	200	335
10953	virindicollector-xp	130	18500	200	240	300
10954	virindiexecutormarae-xp	100	80000	290	200	395
10955	virindiexecutor-nofall	100	80000	290	200	395
10956	virindiobserverhabitat-xp	90	42228	300	230	370
10957	virindiobserver-nofall	100	80000	300	230	370
10978	heatumerokleader-xp	188	15102	180	187	100
10979	tumerokleaderlocal-xp	309	26901	180	262	222
10980	tumerokleaderpeace-xp	309	26901	180	262	222
10981	tumerokleaderwar-xp	309	26901	180	262	222
11020	olthoibroodnoblenortheast-xp	125	126729	320	330	400
11021	olthoibroodnoblenorthwest-xp	125	126729	320	330	400
11022	olthoibroodnoblenorth-xp	125	126729	320	330	400
11023	olthoibroodnoblesoutheast-xp	125	126729	320	330	400
11024	olthoibroodnoblesouthwest-xp	125	126729	320	330	400
11025	olthoibroodnoble-xp	135	250000	320	330	400
11026	olthoibutchernortheast-xp	85	21594	235	245	350
11027	olthoibutchernorthwest-xp	85	21594	235	245	350
11028	olthoibutchernorth-xp	85	21594	235	245	350
11029	olthoibutchersoutheast-xp	85	21594	235	245	350
11030	olthoibutchersouthwest-xp	85	21594	235	245	350
11031	olthoinobledires1b-xp	90	23520	270	270	255
11032	olthoinobledires1c-xp	90	23520	270	270	255
11033	olthoinobledires2b-xp	90	23520	270	270	255
11034	olthoinobledires2c-xp	90	23520	270	270	255
11035	olthoinobledires3b-xp	90	23520	270	270	255
11036	olthoinobledires3c-xp	90	23520	270	270	255
11037	olthoinoblehivea-xp	90	23520	270	270	255
11038	olthoinoblehiveb-xp	90	23520	270	270	255
11039	olthoinoblehivec-xp	100	80000	270	270	255
11040	olthoinoblehived-xp	100	80000	270	270	255
11041	olthoinoblehivee-xp	90	23520	270	270	255
11042	olthoinoblenatural-xp	90	23520	270	270	255
11043	olthoinoblenortheast-xp	90	23520	270	270	255
11044	olthoinoblenorthwest-xp	90	23520	270	270	255
11045	olthoinoblenorth-xp	90	23520	270	270	255
11046	olthoinoblesoutheast-xp	90	23520	270	270	255
11047	olthoinoblesouthwest-xp	90	23520	270	270	255
11048	olthoiqueenmaraedynamic-xp	200	750000	120	120	280
11049	olthoiqueenmaraestatic-xp	200	750000	100	80	260
11050	olthoiroyalguard-xp	100	35000	240	320	260
11051	olthoisoldierdires1-xp	79	18000	220	225	320
11052	olthoisoldierdires2-xp	79	18000	220	225	320
11053	olthoisoldierdires3-xp	79	18000	220	225	320
11054	olthoisoldiernatural-xp	80	30000	220	225	320
11055	olthoisoldiernortheast-xp	79	18000	220	225	320
11056	olthoisoldiernorthwest-xp	79	18000	220	225	320
11057	olthoisoldiernorth-xp	79	18000	220	225	320
11058	olthoisoldiersoutheast-xp	79	18000	220	225	320
11059	olthoisoldiersouthwest-xp	79	18000	220	225	320
11060	olthoiworkerdires1-xp	70	14652	200	225	295
11061	olthoiworkerdires2-xp	70	14652	200	225	295
11062	olthoiworkerdires3-xp	70	14652	200	225	295
11063	olthoiworkernatural-xp	60	17500	200	225	295
11200	menhirdrummerne-xp	183	15233	150	218	185
11201	menhirdrummernw-xp	183	15233	150	218	185
11202	menhirdrummern-xp	183	15233	150	218	185
11203	menhirdrummerse-xp	183	15233	150	218	185
11204	menhirdrummersw-xp	183	15233	150	218	185
11205	randomhiveemotenpc-xp	8	186	1	0	1
11316	tumerokshamantanua-xp	30	5000	100	104	176
11317	tumerokwarriortanua-xp	30	3707	80	99	178
11322	flufenstanua-xp	19	462	1	0	1
11330	bethelpapileona-xp	11	478	1	0	1
11343	ahurengacollector-xp	18	183	1	0	1
11344	ahurengacrafter-xp	15	1203	1	0	1
11345	bluespirecollector-xp	8	354	1	0	1
11346	easternshorecollector-xp	9	311	1	0	1
11347	redspirecollector-xp	15	384	1	0	1
11348	timarucollector-xp	68	2447	1	0	1
11349	timarucrafter-xp	75	2708	1	0	1
11371	ahurengatoneawa-xp	11	354	1	0	1
11372	aunbernawa-xp	18	661	1	0	1
11406	timaruportalsender-xp	18	661	1	0	1
11408	palenqualimeitanua-xp	50	2319	1	0	1
11410	palenqualshimauri-xp	50	2319	1	0	1
11468	carenzibethel-xp	4	142	40	40	40
11478	olthoibutcher-xp	80	30000	235	245	350
11479	olthoigardener-xp	30	5000	90	88	130
11480	olthoiharvester-xp	20	3500	84	78	124
11481	olthoilegionary-xp	60	17500	195	225	295
11482	olthoinobleinvasion-xp	100	80000	270	270	255
11483	olthoiqueen-xp	200	100000	10	120	50
11484	olthoisoldierinvasion-xp	79	18000	220	225	320
11485	olthoiworkerinvasion-xp	70	14652	200	225	295
11486	siraluunkithless-xp	80	30000	212	237	333
11487	siraluunlittoral-xp	40	7000	120	130	210
11488	siraluunmarsh-xp	8	1000	20	20	44
11489	siraluunstrand-xp	60	17500	180	170	275
11490	siraluuntidal-xp	8	1000	40	40	74
11491	siraluuntimber-xp	80	30000	220	135	312
11492	carenziburrower-xp	40	7000	84	110	144
11493	carenziferal-xp	100	80000	218	250	335
11494	carenzipouchling-xp	8	1000	20	20	20
11495	carenzirabid-xp	80	30000	175	220	286
11496	carenzisentry-xp	8	1000	40	40	40
11497	carenzistalker-xp	60	17500	154	174	230
11498	humanassassin-xp	80	30000	253	255	350
11499	humanbandit-xp	8	1000	5	30	35
11500	humanbrigand-xp	20	3500	30	55	60
11501	humancultist-xp	80	30000	280	180	320
11502	humancutthroat-xp	60	17500	154	174	238
11503	humanhighwayman-xp	50	10000	144	150	206
11504	humanmercenary-xp	80	30000	210	210	315
11505	humanpoacher-xp	80	30000	210	210	315
11506	humanzharalim-xp	100	80000	220	255	300
11507	tumerokaundrumspeaker-xp	18	1147	36	45	72
11508	tumerokauneldershaman-xp	100	80000	260	205	380
11509	tumerokaunhunter-xp	20	3500	56	62	100
11510	tumerokaunitealuan-xp	50	10000	95	140	260
11511	tumerokaunnualuan-xp	50	10000	95	140	260
11512	tumerokaunrunner-xp	11	514	38	37	62
11513	tumerokaunshaman-xp	70	14207	240	180	325
11514	tumerokaunwarrior-xp	67	12450	180	190	310
11515	tumerokaunwindreave-xp	26	2427	32	84	111
11516	tumerokheadrumspeaker-xp	20	3500	36	45	72
11517	tumerokheaeldershaman-xp	100	80000	288	252	380
11518	tumerokheahunter-xp	30	5000	56	76	133
11519	tumerokheaitealuan-xp	80	30000	205	218	310
11520	tumerokheanualuan-xp	80	30000	205	223	335
11521	tumerokhearunner-xp	8	1000	38	37	62
11522	tumerokheashaman-xp	100	80000	260	205	380
11523	tumerokheawarrior-xp	40	7000	78	125	160
11524	tumerokheawindreave-xp	50	10000	134	158	226
11525	tumerokoutcast-xp	9	450	50	71	50
11526	gromnieebon-xp	80	30000	215	250	315
11527	gromniesable-xp	60	17500	170	190	280
11528	golemelaniwood-xp	20	3500	88	66	112
11529	golemgold-xp	200	50000	270	275	300
11530	golemplatinum-xp	300	80000	300	300	320
11531	golemsand-xp	30	5000	118	78	142
11532	golemsmall-xp	70	9000	170	250	200
11533	zefirazael-xp	80	30000	150	220	335
11534	zefirenku-xp	100	80000	260	265	382
11535	wispchaos-xp	115	125000	390	200	455
11536	wispentropy-xp	135	250000	405	225	465
11537	dollvirtuous-xp	15	2000	52	55	70
11538	ursuinmarae-xp	60	17500	125	170	270
11539	mattekarcanescent-xp	85	20719	175	265	315
11540	tuskerarmored-xp	100	80000	255	254	340
11541	tuskerplated-xp	100	80000	275	300	380
11542	hollowminionmartinate-xp	135	250000	250	270	250
11543	olthoimutated-xp	115	42873	335	320	415
11616	hollowminiontumideonlo	65	6000	200	260	280
11617	dollpristinelo	38	2203	113	100	170
11618	dollinnocuouslo	35	1743	60	80	150
11619	dollinnocentlo	43	2800	113	100	170
11620	marionettelo	28	1200	110	110	125
11621	virindiobserverlo	100	14500	200	240	300
11622	virindimasterlo	69	13500	180	187	100
11623	virindiexecutorlo	130	18500	200	240	300
11624	tuskerslavelo	128	10689	200	138	200
11625	marionettedarklo	42	3600	120	120	135
11627	locollectorsword	60	2213	1	0	1
11628	locollectorstaff	60	2213	1	0	1
11629	locollectorspear	60	2213	1	0	1
11630	locollectororb	60	2213	1	0	1
11631	locollectormace	60	2213	1	0	1
11632	locollectordagger	60	2213	1	0	1
11633	locollectorcrossbow	60	2213	1	0	1
11634	locollectorcestus	60	2213	1	0	1
11635	locollectorbow	60	2213	1	0	1
11636	locollectoraxe	60	2213	1	0	1
11637	collectordye	5	154	1	0	1
11693	olthoibroodnoble-nofall-xp	125	126729	320	330	400
11694	olthoibutcher-nofall-xp	80	30000	235	245	350
11695	olthoilegionary-nofall-xp	60	17500	195	225	295
11725	olthoibutcherspecial-xp	80	30000	235	245	350
11726	olthoigardenerspecial-xp	30	5000	90	88	130
11727	olthoiharvesterspecial-xp	20	3500	84	78	124
11728	olthoilegionaryspecial-xp	60	17500	195	225	295
11729	olthoisoldierspecial-xp	60	17500	180	220	300
11809	collectorbanneralu	33	1513	1	0	1
11810	collectorbannergha	33	1513	1	0	1
11811	collectorbannersho	33	1513	1	0	1
11818	dollinnocuouscragstonetowera	44	6259	118	95	220
11819	dollinnocuoushebiantowera	44	6259	118	95	220
11820	dollinnocuouszaikhaltowera	44	6259	118	95	220
11869	tumerokattackfalcon	50	10000	120	130	275
11870	tumerokattackgromnie	50	10000	120	130	275
11871	tumerokattackmask	53	8793	120	130	275
11872	tumerokattackreedshark	50	10000	120	130	275
11873	tumerokattackserpent	53	8793	120	130	275
11874	tumerokattackshreth	50	10000	120	130	275
11875	tumerokbannerfalcon	30	5000	72	84	111
11876	tumerokbannergromnie	30	5000	72	84	111
11877	tumerokbannermask	26	2533	72	84	111
11878	tumerokbannerreedshark	30	5000	72	84	111
11879	tumerokbannerserpent	30	5000	72	84	111
11880	tumerokbannershreth	30	5000	72	84	111
11881	tumerokcaptainhighhaft	53	8793	120	130	275
11882	tumerokcragstonecampa	17	1100	70	46	65
11883	tumerokcragstonecampb	35	1900	120	107	110
11884	tumerokcragstonecampc	65	8500	140	100	150
11885	tumerokcrestfalcon	50	10000	120	130	275
11886	tumerokcrestgromnie	50	10000	120	130	275
11887	tumerokcrestmask	53	8793	120	130	275
11888	tumerokcrestreedshark	50	10000	120	130	275
11889	tumerokcrestserpent	53	8793	120	130	275
11890	tumerokcrestshreth	50	10000	120	130	275
11894	tumerokfighterfalcon	18	1305	94	62	119
11895	tumerokhaft	50	10000	120	140	230
11896	tumerokhafthigh	50	10000	120	140	230
11897	tumerokhaftlow	50	10000	120	140	230
11898	tumerokhaftreinforced	50	10000	120	140	230
11899	tumerokhaftreinforcedhigh	50	10000	120	140	230
11900	tumerokhaftreinforcedlow	50	10000	120	140	230
11901	tumerokhebiancampa	17	1100	70	46	65
11902	tumerokhebiancampb	35	1900	120	107	110
11903	tumerokhebiancampc	65	8500	140	100	150
11904	tumerokhighpriestgromnie	95	36608	260	205	380
11905	tumeroklieutenanthaft	44	6305	120	140	230
11909	tumerokoverlordgromnie	85	21305	200	200	335
11910	tumerokpriestshreth	70	13912	240	180	325
11911	tumerokscoutlowhaft	16	893	46	55	72
11918	tumerokwarriorshreth	26	2533	72	84	111
11919	tumerokworkerfalcon	9	376	38	37	62
11920	tumerokzaikhalcampa	17	1100	70	46	65
11921	tumerokzaikhalcampb	35	1900	120	107	110
11922	tumerokzaikhalcampc	65	8500	140	100	150
11923	virindimastercragstonetowerc	69	13500	180	187	100
11924	virindimasterhebiantowerc	69	13500	180	187	100
11925	virindimasterzaikhaltowerc	69	13500	180	187	100
11926	virindipuppetcragstonetowerb	40	3108	200	137	150
11927	virindipuppethebiantowerb	40	3108	200	137	150
11928	virindipuppetzaikhaltowerb	40	3108	200	137	150
11938	towncrierahurenga-xp	20	675	1	0	1
11939	towncriermarae-xp	20	675	1	0	1
11940	towncriertimaru-xp	22	817	1	0	1
11964	tumerokoghamhighpriest	45	2400	100	106	95
11965	tumerokoghamgladiator	35	2000	130	53	100
11966	tumerokoghampriest	35	1500	75	90	60
11968	olthoibutchercentralhive-xp	85	21594	235	245	350
11983	banderlingbossmonster	20	3500	40	66	85
11987	crystalbossmonster	80	30000	262	202	358
11988	dollbossmonster	60	17500	168	145	279
11989	drudgebossmonster	15	2000	52	75	115
11991	golemhighbossmonster	100	80000	277	240	380
11992	golemlowbossmonster	20	3500	56	56	122
11994	golemmidbossmonster	80	30000	240	207	335
11996	lugianbossmonster	60	17500	195	220	315
12000	mattekarbossmonster	80	30000	195	185	295
12004	monougabossmonster	15	2000	30	44	64
12006	mosswarthighbossmonster	100	80000	308	255	395
12007	mosswartlowbossmonster	30	5000	85	80	140
12017	phyntoswaspbossmonster	8	1000	14	32	44
12018	reedsharkbossmonster	20	3500	26	54	92
12020	sclavusbossmonster	100	80000	285	254	390
12023	shadowbossmonster	100	80000	295	230	375
12026	skeletonhighbossmonster	80	30000	175	180	310
12027	skeletonlowbossmonster	30	5000	50	90	170
12037	undeadbossmonster	80	30000	250	200	345
12038	ursuinbossmonster	80	30000	210	215	335
12046	golemtestisland	626	152	10	46	10
12050	agentwritrefuge-xp	75	1220	0	0	0
12127	cragstoneslippercrafter	50	2184	0	0	0
12129	simulacrumcrafter	135	250000	220	200	170
12130	simulacrumcrafty	18	1426	96	73	108
12131	simulacrummasternorth	135	250000	220	180	170
12132	simulacrummastersouth	135	250000	180	180	170
12133	simulacrumsneaky	14	1112	76	61	83
12134	simulacrumsubtle	60	17500	230	165	290
12135	simulacrumsubtlefemale	60	17500	230	165	290
12186	humanzharalimfemale-xp	100	80000	220	255	300
12203	maskcollectoraluvianapprentice	20	587	1	0	1
12204	maskcollectorgharundimapprentice	20	587	1	0	1
12205	maskcollectorshoapprentice	18	587	1	0	1
12228	bossdeedhigh	153	24000	180	185	220
12229	bossdeedlow	18	1150	50	73	60
12230	bossdeedmid	55	6000	125	136	100
12231	bossdeedultra	210	40000	200	300	300
12237	dollpyrealleader	50	10000	118	95	220
12238	furnituremasteralu	28	1227	1	0	1
12239	furnituremastergha	28	1227	1	0	1
12240	furnituremastersho	28	1227	1	0	1
12249	lugianextaswarlord	100	80000	280	280	390
12262	virindidirectorecorto	100	2213	0	0	0
12263	virindidirectorlevistras	126	14000	220	250	250
12264	virindidirectorsingular	80	30000	180	187	100
12272	lugianextassingular	100	80000	280	280	390
12273	lugiangigassingular	60	17500	195	220	315
12274	lugiantiatussingular	115	125000	140	999	200
12298	virindidirectorsubstitute	44	11290	105	120	200
12299	virindimastersingular	60	17500	180	187	100
12300	virindiservantsingular	50	10000	180	187	100
12302	housingeventnpc	15	307	1	0	1
12686	arcanumenvoy	25	1110	1	0	1
12719	academyblacksmith	30	845	1	0	1
12721	academyguard1shoushise	45	845	1	0	1
12722	academyguard1holtw	45	845	1	0	1
12723	academyguard1	45	845	1	0	1
12724	academyguard1shoushiw	45	845	1	0	1
12725	academyguard1yaraqe	50	845	1	0	1
12727	academyguard2holts	45	845	1	0	1
12733	academyguard3holte	35	845	1	0	1
12735	academyguard3shoushise	35	845	1	0	1
12737	academyguard3yaraqe	35	845	1	0	1
13088	academycollector	5	154	1	0	1
13220	hollowminionnewbieacademy	2	16	0	0	0
13232	hollowminiongenericnewbieacademy	2	11	0	0	0
13242	academycrier	5	154	0	0	0
14410	banditreformedholtburg	45	2433	1	0	1
14412	banditreformedyaraq	45	2433	1	0	1
14413	guardrylanan	45	4341	1	0	1
14414	guardtenshin	45	4341	1	0	1
14415	guardtsaya	45	4341	1	0	1
14417	npctestdoortrap	1	1195	40	0	50
14426	simulacrumregicide	40	7000	180	151	180
14427	hollowminionregicide	23	3000	170	220	180
14428	hollowminionregicideboss	43	3179	190	240	240
14429	hollowminionregicidehusk	30	5000	180	230	190
14430	hollowminionregicidespherule	30	5000	180	230	190
14431	hollowminionregicidewitshire	29	1852	180	230	190
14457	regicidesentryn	35	1096	1	0	1
14458	regicidesentrys	35	1096	1	0	1
14459	regicidesentrye	35	1096	1	0	1
14460	regicidesentryw	35	1096	1	0	1
14464	hollowminionregicideeventwitshire	23	1189	170	220	180
14465	hollowminionregicideeventholtburg	23	1189	170	220	180
14466	snowman2heads	15	2000	70	58	103
14469	minionmartinebow	11	161	2	0	2
14470	minionmartinecrossbow	11	161	2	0	2
14471	minionmartinedagger	11	161	2	0	2
14472	minionmartinestaff	11	161	2	0	2
14473	minionmartineua	11	161	2	0	2
14512	frostelementalfrost-nofall	80	30000	138	152	266
14513	acidelementalcaustic-nofall	95	26677	260	213	348
14514	acidelementalmiasma	115	125000	335	257	416
14515	acidelementalmiasma-nofall	115	55728	335	257	416
14516	acidelementalcaustic	100	80000	260	213	348
14517	frostelementalfrost	80	30000	138	152	266
14518	frostelementalshivver	60	17500	133	161	288
14519	frostelementalshivver-nofall	61	11351	133	161	288
14520	golempyreal	100	80000	255	230	355
14521	golemglacial	50	10000	180	155	290
14522	golemglacialunstable	115	125000	90	165	125
14555	energyclusterblinding	105	46702	335	205	415
14556	energyclusterdim	105	46702	335	205	415
14557	energyclusterfaint	105	46702	335	205	415
14558	energyclustervibrant	100	80000	335	205	415
14559	golemoak	80	30000	230	207	320
14560	riftquiddityinvokinghigh	105	47709	375	260	445
14561	riftquiddityinvokinglow	105	47709	375	260	445
14562	riftquiddityinvokingmid	105	47709	375	260	445
14563	riftquiddityinvokingpuny	105	47709	375	260	445
14571	aulakheinvoking	50	4294	75	90	60
14572	empyreanfemaleinvoking	620	23974	1	0	1
14573	empyreanmaleinvoking	600	23974	1	0	1
14574	lilithainvoking	45	318	1	0	1
14575	tanuainvoking	50	3318	137	189	142
14576	tanuaspiritinvoking	50	3318	137	189	142
14577	tikakheinvoking	50	4294	75	90	60
14578	windreaveinvoking	50	3694	80	114	110
14602	tanuaspiritinvokingtimaru	50	3318	137	189	142
14799	energyclusterwalllicker	105	46702	335	205	415
14800	golemcrystal	80	30000	150	240	335
14801	golemcrystallord	220	1400000	50	600	900
14802	golemcrystalminion	100	80000	850	220	200
14872	olthoialteredhollow	100	80000	265	320	345
14873	olthoialteredhollowboss	100	80000	265	320	345
14874	olthoiaugmentedhollow	100	80000	305	340	370
14875	frostelementalhyem	100	80000	266	222	349
14876	stormelementalmaelstrom	115	125000	320	270	418
14877	stormelementaltsuric	115	125000	320	270	418
14878	thermicelementalsirrocco	115	125000	320	270	418
14879	thermicelementalsirroccoboss	115	125000	320	270	418
14880	thermicelementaltheral	115	125000	280	270	410
14921	sentinelwedding1	126	10935	1	0	1
14922	sentinelwedding2	126	10935	1	0	1
14923	sentinelwedding3	126	10935	1	0	1
15266	golemcoralacidic	100	80000	260	210	350
15267	golemdiamondacidic	100	80000	310	240	390
15299	simulacrummartinate	50	10000	180	180	180
15300	simulacrummartinatemage	50	10000	180	180	120
15774	guardbalthazar	55	3674	1	0	1
15809	brontynnmarshad	15	392	4	0	5
15810	glysandercartoth	5	154	1	0	1
15811	liatze	15	392	4	0	5
15812	taiwo	15	392	4	0	5
15860	shoempyreanthrall	42	2777	1	0	1
15862	tumerokgladiator-thorstenarmor	80	30000	215	200	310
16892	researcherarcanumgreekgiftsii	44	2444	1	0	1
16909	golemgranite-nofall	60	17500	115	110	210
16910	golemobsidian-nofall	60	17500	215	157	320
16911	zombielich-nofall	21	1989	86	76	126
16912	golemoubliette	49	2887	0	0	0
16913	grievverspinner	85	20849	244	240	255
16914	hollowminionterebrous-nofall	80	30000	270	250	365
16915	hollowminiontumideon-nofall	60	17500	200	210	320
16916	tuskerrampager-nofall	100	80000	240	230	330
16917	virindidirectorsubstitute-nofall	50	10000	105	120	200
16918	virindidirector-nofall	50	10000	105	120	200
19127	grievverscholar	28	1815	2	0	2
19128	loom	66	4517	0	0	0
19129	spinningwheel	66	4517	0	0	0
19256	banderlingyoung-noaggro	8	1000	15	3	30
19257	drudgeskulker-noaggro	8	1000	5	5	15
19258	drudgeslinker-noaggro	8	1000	10	9	20
19259	mitescion-noaggro	8	1000	8	29	32
19260	mitesnippet-noaggro	8	1000	10	27	32
19261	mosswartcreeper-noaggro	8	1000	34	34	52
19262	mosswartyoung-noaggro	8	1000	20	34	20
19263	shrethgnawer-noaggro	8	1000	18	8	34
19264	skeletonrelicbones-noaggro	80	30000	160	190	275
19267	statuereplicaextremegrievversmall	115	125000	110	270	200
19270	statuereplicaextremeshadowsmall	160	500000	180	300	220
19273	statuereplicaextremevirindismall	100	80000	200	240	300
19276	statuereplicahighgolemsmall	80	30000	200	195	200
19279	statuereplicahighsclavussmall	115	125000	190	190	210
19282	statuereplicahighskeletonsmall	100	80000	140	160	170
19285	statuereplicahightumeroksmall	100	80000	200	180	200
19288	statuereplicalowdrudgesmall	15	2000	48	63	105
19291	statuereplicalowgromniesmall	20	3500	68	50	70
19294	statuereplicalowmosswartsmall	20	3500	70	65	80
19297	statuereplicalowreedsharksmall	15	2000	40	57	75
19300	statuereplicamidbanderlingsmall	40	7000	127	131	226
19303	statuereplicamidbentensmall	50	10000	110	129	231
19306	statuereplicamidsclavussmall	40	7000	85	120	206
19309	statuereplicamidskeletonsmall	50	10000	120	124	242
19312	statuereplicamidthorstensmall	50	10000	123	145	248
19315	statuereplicamidzharalimsmall	50	10000	152	140	269
19354	tinkerarcanum	40	2706	1	0	1
19425	golemcoralreward	341	30000	130	220	220
19426	golemcrystalreward	200	30000	150	250	200
19435	phyntoswaspred-immobile	6	100	10	14	30
19436	skeletonoldbones-noaggro	8	1000	21	22	46
19439	ursuinslasher	30	5000	90	95	75
19460	artificerarcanum	75	1409	0	0	0
19461	guardetienne	55	3674	1	0	1
19462	guardguen	65	3527	1	0	1
19463	guardisabelle	55	3674	1	0	1
19464	coronusgin	4	221	1	0	1
19537	eluvicelementalavalanche	115	125000	290	270	402
19538	eluvicelementalblizzard	115	125000	290	270	402
19539	estuaryelementalconflagration	115	125000	317	270	418
19540	estuaryelementalscoriscant	115	125000	296	257	395
19541	golemcoralviceroy	110	299711	297	240	380
19542	golemcrystalimperator	135	250000	264	270	401
19543	golemdiamondsuzerain	185	800000	290	255	395
19544	golemglacialmargrave	70	55683	272	175	340
19545	golemmagmaexarch	95	190435	285	225	365
19713	arcanumalchemist	126	3530	0	0	0
19714	emissaryasheron	60	3437	0	0	0
20017	cocoonedauroch	13	288	50	17	20
20021	humanmartine	14	1208	4	0	5
20024	fireelementalflammarewards	61	21488	126	152	260
20025	frostelementalfrostrewards	61	21927	138	152	266
20026	lightningelementalscintillarewards	61	22977	144	158	290
20027	golemobsidianrewards	66	7000	150	197	150
20186	acidelementalapozim	80	30000	175	190	295
20187	acidelementalbuillic	80	30000	220	205	300
20188	acidelementalmox	50	10000	85	115	200
20189	frostelementalbrumal	100	80000	310	241	380
20190	frostelementalgelid	115	125000	330	270	415
20191	frostelementalhorripal	30	5000	45	65	120
20192	golemcrystalsovereign	150	189879	250	55	330
20193	asheronlo	710	131633	0	220	200
20194	elysalo	126	22127	180	163	180
20195	gaerlanlo	710	503834	450	1220	550
20203	alatarlocke	5	152	1	0	1
20204	slithetradittor	5	152	1	0	1
20632	skeletonrelicgelid-nofall	160	500000	280	250	290
20633	zombiemagusgelid-nofall	160	500000	275	260	290
20634	zombierevgelid-nofall	60	8000	130	210	220
20864	somaticelementalcorrosion	161	150000	15	159	190
20865	somaticelementalcorrosion1	999	150000	15	159	190
20866	somaticelementalcorrosion2	161	150000	15	159	190
20867	somaticelementalcorrosion3	161	150000	15	159	190
20868	somaticelementalcorrosion4	161	150000	15	159	190
20869	somaticelementalcorrosion5	161	150000	15	159	190
20870	somaticelementalcorrosion6	161	150000	15	159	190
20871	somaticelementalrazzia5	161	150000	15	159	190
20872	somaticelementalrazzia6	161	150000	15	159	190
20873	somaticelementalstasiary	161	150000	1	69	50
20874	somaticelementalstasiary1	999	150000	1	159	50
20875	somaticelementalstasiary2	999	150000	1	159	50
20876	somaticelementalstasiary3	161	150000	1	69	50
20877	somaticelementalstasiary4	161	150000	1	69	50
20878	somaticelementalstasiary5	161	150000	1	69	50
20879	somaticelementalstasiary6	161	150000	1	69	50
20880	somaticelementalstrife	161	150000	15	159	190
20881	somaticelementalstrife1	999	150000	15	69	190
20882	somaticelementalstrife2	999	150000	15	69	190
20883	somaticelementalstrife3	161	150000	15	159	190
20884	somaticelementalstrife4	161	150000	15	159	190
20885	somaticelementaltempest	161	150000	1	69	50
20886	somaticelementaltempest1	999	150000	1	69	50
20887	somaticelementaltempest2	161	150000	1	169	50
20888	somaticelementaltempest3	161	150000	1	69	50
20889	somaticelementaltempest4	161	150000	1	69	50
20890	somaticelementaltempest5	161	150000	1	69	50
20891	somaticelementaltempest6	161	150000	1	69	50
20911	retreatambrosiaroe	84	2583	4	0	5
20912	retreathibdinvelos	36	2213	4	0	5
20913	retreatjosef	24	1318	4	0	5
20914	retreatjulianbartok	24	1394	4	0	5
20915	retreatkirasojini	14	2180	4	0	5
20916	retreatleandra	96	4274	4	0	5
20918	retreatremmick	16	835	4	0	5
20925	retreatcollector	40	2213	1	0	1
21135	antiusblackmoor	126	4016	1	0	1
21136	emissaryasheronaugust	60	3437	0	0	0
21160	acidelementalscourge	40	7000	75	94	196
21161	acidelementalsinge	18	878	35	25	55
21162	acidelementalstringent	8	1000	10	12	25
21163	fireelementalflamma-nosummon	60	17500	126	152	260
21164	fireelementalgout	50	10000	146	144	258
21165	frostelementalchill	20	3500	35	25	55
21166	frostelementalflake	8	1000	10	12	25
21167	frostelementalgelid-nosummon	115	56230	330	270	415
21168	lightningelementalcharge	50	10000	129	146	260
21169	lightningelementalscintilla-nosummon	60	17500	144	158	290
21170	lightningelementalvoltarc	80	30000	180	200	300
21199	arwicsurveyor	35	1584	1	0	1
21274	follyinvisiblenpc	15	307	1	0	1
21338	collectorshoyanshidestroyed	5	221	1	0	1
21341	guardroyalyanshi	35	1096	1	0	1
21371	frostelementalbrumal-nosummon	100	80000	310	241	380
21383	gaerlanacidrepeat	600	1000000	222	177	405
21386	gaerlanfirerepeat	450	500000	157	137	345
21388	gaerlanicerepeat	300	200000	67	102	250
21390	gaerlanlightningrepeat	750	2000000	257	227	450
21449	arwicconsultantlugian	221	17763	2	0	2
21450	arwicconsultanttumerok	78	2420	1	0	1
21451	arwicforemanhuman	35	1584	1	0	1
21452	arwicworkeralu	35	1584	1	0	1
21453	arwicworkergha	35	1584	1	0	1
21454	arwicworkergolem1	49	2887	0	0	0
21455	arwicworkergolem2	49	2887	0	0	0
21456	arwicworkergolem3	49	2887	0	0	0
21457	arwicworkerlazy	35	737	1	0	1
21458	arwicworkersho	35	1584	1	0	1
21485	bookshelfdericost	213	17539	0	0	0
21486	bookshelffalatacot	213	17539	0	0	0
21487	bookshelfyalain	710	43164	0	0	0
21489	golemplatinumasheron	710	43164	0	0	0
21493	pillarornate	710	43164	0	0	0
21494	statuefloorwalk	710	43164	0	0	0
21495	statuegoldensilence	710	43164	0	0	0
21496	headsphinx	171	13410	0	0	0
21497	statuebed	171	13410	0	0	0
21498	statueblack	171	13410	0	0	0
21499	statuecoffin	171	13410	0	0	0
21500	statuedarkness	171	13410	0	0	0
21501	statuedeath	171	13410	0	0	0
21502	statuee	171	13410	0	0	0
21503	statueeyes	171	13410	0	0	0
21504	statueflame	171	13410	0	0	0
21505	statuehole	171	13410	0	0	0
21506	statuehope	171	13410	0	0	0
21507	statueman	171	13410	0	0	0
21508	statuemushroom	171	13410	0	0	0
21509	statuenothing	171	13410	0	0	0
21510	statuering	171	13410	0	0	0
21511	statuesilence	171	13410	0	0	0
21512	statuestars	171	13410	0	0	0
21513	statuesunlight	171	13410	0	0	0
21514	statuetime	171	13410	0	0	0
21515	statuetomorrow	171	13410	0	0	0
21516	statuewind	171	13410	0	0	0
21525	tuskerguard-noxp	80	30000	230	225	325
21526	tuskerrampager-nofall-noxp	95	35260	240	230	330
21549	wispcorrosion	100	80000	265	230	370
21550	wispstasis	100	80000	275	215	370
21551	wispstrife	100	80000	250	230	355
21552	wisptempest	115	125000	275	245	375
21720	chestgaerlanprison	710	5228	0	0	0
21721	gaerlanceremonyinvisiblenpc-extreme	68	4750	0	0	0
21722	gaerlanceremonyinvisiblenpc-high	68	4750	0	0	0
21723	gaerlanceremonyinvisiblenpc-low	68	4750	0	0	0
21724	gaerlanceremonyinvisiblenpc-mid	68	4750	0	0	0
21745	gaerlanrollingdeathnpc-low	28	1894	1	0	1
21979	golemplatinumacid1	710	43164	0	0	0
21980	golemplatinumfire1	710	43164	0	0	0
21981	golemplatinumice1	710	43164	0	0	0
21982	golemplatinumlightning1	710	43164	0	0	0
22001	golemcoralviceroyportal1	110	299711	297	240	380
22002	golemdiamondsuzerainportal1	145	542850	290	255	395
22003	golemglacialmargraveportal1	100	80000	272	175	340
22004	golemmagmaexarchportal1	95	190435	285	225	365
22009	olthoidrone	40	7000	110	150	195
22010	olthoiservant	50	10000	140	165	235
22049	skeletonbrelaxnew	200	1100000	210	200	240
22050	skeletoncambarthnew	200	1100000	210	200	240
22051	skeletoncharrednew	135	250000	160	200	230
22052	skeletonsearednew	80	30000	210	200	240
22053	tuskerassailer	115	125000	280	290	385
22054	virindiprofane	115	125000	300	250	390
22074	collectorartscraftsalchemy	35	221	1	0	1
22075	collectorartscraftscooking	35	221	1	0	1
22076	collectorartscraftsfletching	35	221	1	0	1
22077	virindimasterlethenew	135	250000	200	240	300
22081	mitemazewizardnew	600	32094	0	0	0
22088	hauntedmansionowner	5	152	1	0	1
22105	elysarithwicparade	126	22127	180	163	180
22106	royalguardrithwicparade1	95	4902	1	0	1
22107	royalguardrithwicparade2	95	4902	1	0	1
22108	royalguardrithwicparade3	95	4902	1	0	1
22109	royalguardrithwicparade4	95	4902	1	0	1
22110	royalguardrithwicparade5	95	4902	1	0	1
22111	royalguardrithwicparade6	95	4902	1	0	1
22112	royalmagerithwicparade	102	3668	1	0	1
22113	undeadhauntedmansionwandering	666	1	0	0	0
22114	zombiehauntedmansionboss	50	10000	125	136	240
22115	ursuinrugalivemonster1	8	1000	46	42	86
22116	mysterioussarcophagus	666	5000	1	999	999
22133	zombiehauntedmansionscrollboss	50	10000	125	136	240
22138	elysaqalabarparade	126	22127	180	163	180
22139	elysayanshiparade	126	22127	180	163	180
22140	royalguardqalabarparade1	95	4902	1	0	1
22141	royalguardqalabarparade2	95	1808	1	0	1
22142	royalguardqalabarparade3	95	4902	1	0	1
22143	royalguardqalabarparade4	95	4902	1	0	1
22144	royalguardqalabarparade5	95	4902	1	0	1
22145	royalguardqalabarparade6	95	4902	1	0	1
22146	royalguardyanshiparade1	95	4902	1	0	1
22147	royalguardyanshiparade2	95	4902	1	0	1
22148	royalguardyanshiparade3	95	4902	1	0	1
22149	royalguardyanshiparade4	95	4902	1	0	1
22150	royalguardyanshiparade5	95	4902	1	0	1
22151	royalguardyanshiparade6	95	4902	1	0	1
22152	royalmageqalabarparade	102	3668	1	0	1
22153	royalmageyanshiparade	102	3668	1	0	1
22208	skeletonwraith	50	10000	80	120	190
22220	ursuinrugalivemonster2	8	1000	46	42	86
22257	fishingholenewbie	5	24	0	0	0
22461	humanvoodoun	47	3155	1	0	1
22462	statuehearnoevilportal	171	13410	0	0	0
22463	statuehearnoevilriddle	171	13410	0	0	0
22464	statueseenoevilportal	171	13410	0	0	0
22465	statueseenoevilriddle	171	13410	0	0	0
22466	statuespeaknoevilportal	171	13410	0	0	0
22467	statuespeaknoevilriddle	171	13410	0	0	0
22468	statuetuskiealchemy	171	13410	0	0	0
22469	statuetuskiearcane	171	13410	0	0	0
22470	statuetuskiearmortink	171	13410	0	0	0
22471	statuetuskieatlatl	171	13410	0	0	0
22472	statuetuskieaxe	171	13410	0	0	0
22473	statuetuskiebow	171	13410	0	0	0
22474	statuetuskiecooking	171	13410	0	0	0
22475	statuetuskiecreature	171	13410	0	0	0
22476	statuetuskiecrossbow	171	13410	0	0	0
22477	statuetuskiedagger	171	13410	0	0	0
22478	statuetuskiefletching	171	13410	0	0	0
22479	statuetuskiehealing	171	13410	0	0	0
22480	statuetuskieitem	171	13410	0	0	0
22481	statuetuskieitemtink	171	13410	0	0	0
22482	statuetuskiejump	171	13410	0	0	0
22483	statuetuskielife	171	13410	0	0	0
22484	statuetuskielockpick	171	13410	0	0	0
22485	statuetuskiemace	171	13410	0	0	0
22486	statuetuskiemagicdefense	171	13410	0	0	0
22487	statuetuskiemagicitemtink	171	13410	0	0	0
22488	statuetuskiemanaconversion	171	13410	0	0	0
22489	statuetuskiemeleedefense	171	13410	0	0	0
22490	statuetuskiemissiledefense	171	13410	0	0	0
22491	statuetuskieriches	171	13410	0	0	0
22492	statuetuskierun	171	13410	0	0	0
22493	statuetuskiespear	171	13410	0	0	0
22494	statuetuskiestaff	171	13410	0	0	0
22495	statuetuskiesword	171	13410	0	0	0
22496	statuetuskieunarmed	171	13410	0	0	0
22497	statuetuskiewar	171	13410	0	0	0
22498	statuetuskieweapontink	171	13410	0	0	0
22499	tuskerbabysitter	171	13410	0	0	0
22500	tuskerkingnpc	201	16392	0	0	0
22501	tuskiecaocao	171	13410	0	0	0
22502	tuskiemumu	171	13410	0	0	0
22503	tuskiepopo	171	13410	0	0	0
22504	tuskieshimshim	171	13410	0	0	0
22505	carenzisavage	115	125000	182	285	310
22506	chittickironspine	115	125000	345	284	400
22507	chittickobsidian	135	250000	347	314	451
22508	chittickspiny	8	1000	10	24	20
22509	humantuskerkin	15	2000	5	25	35
22510	humantuskerkinmage	20	3500	23	25	45
22511	humantuskerminion	40	7000	75	80	180
22512	humantuskerminionmage	40	7000	85	100	180
22513	humantuskersycophant	100	80000	330	265	410
22514	humantuskersycophantmage	100	80000	330	265	410
22515	humantuskerworshipper	80	30000	210	205	320
22516	humantuskerworshippermage	80	30000	250	205	340
22517	tuskerannihilator	240	1850000	295	355	420
22518	tuskerdevastator	135	250000	290	345	410
22519	tuskerliberator	60	17500	190	187	296
22520	tuskerredeemer	60	17500	170	155	295
22521	tuskiegunner	80	30000	230	235	325
22522	tuskielauncher	60	17500	190	200	300
22523	tuskiethrower	40	7000	100	111	220
22524	tuskietosser	20	3500	40	48	54
22580	tuskeralbino-nofall	27	1864	60	97	50
22581	tuskerannihilator-nofall	285	395725	295	355	420
22582	tuskerassailer-nofall	115	52928	280	290	385
22583	tuskerassailer-tusk	115	125000	280	290	385
22584	tuskercrimsonback-nofall	26	1821	50	88	88
22585	tuskercrimsonback-tusk	30	5000	50	88	88
22586	tuskerdevastator-nofall	145	126576	290	345	410
22587	tuskerdevastator-tusk	135	250000	290	345	410
22588	tuskerfemale-nofall	18	819	40	48	54
22589	tuskerfemale-tusk	15	2000	40	48	54
22590	tuskergoldenback-nofall	28	1847	60	97	70
22591	tuskergoldenback-tusk	30	5000	60	97	70
22592	tuskerguard-nofall	80	30000	230	225	325
22593	tuskerguard-tusk	80	30000	230	225	325
22594	tuskerliberator-nofall	60	17500	190	187	296
22595	tuskerliberator-tusk	60	17500	190	187	296
22596	tuskermale-nofall	21	1127	50	56	84
22597	tuskermale-tusk	20	3500	50	56	84
22598	tuskermowen	900	5000000	267	395	418
22599	tuskerrampager-tusk	100	80000	240	230	330
22600	tuskerredeemer-nofall	60	17500	170	155	295
22601	tuskerredeemer-tusk	60	17500	170	155	295
22602	tuskersilver-nofall	80	30000	220	220	315
22603	tuskersilver-tusk	80	30000	220	220	315
22604	tuskerslave-nofall	80	30000	210	200	320
22605	tuskerslave-tusk	80	30000	210	200	320
22606	tuskiegunner-nofall	80	30000	230	235	325
22607	tuskielauncher-nofall	70	13561	190	200	300
22608	tuskiethrower-nofall	44	5448	100	111	220
22609	tuskietosser-nofall	18	783	40	48	54
22610	tuskerarmored-nofall	100	80000	255	254	340
22611	tuskerarmored-tusk	100	80000	255	254	340
22612	tuskerplated-nofall	100	80000	275	300	380
22613	tuskerplated-tusk	100	80000	275	300	380
22640	mayoroolutanga	16	946	50	48	40
22641	statuetuskerisland	171	13410	0	0	0
22642	tailoroolutangafake	18	425	2	0	2
22643	towncrieroolutanga	16	946	50	48	40
22644	tuskeremporiumhawker	5	152	1	0	1
22645	tuskermowennpc	171	13410	0	0	0
22745	reedsharkjunglereaver	40	7000	100	120	175
22746	reedsharkravager	100	80000	305	300	405
22747	reedsharkreaper	115	125000	195	325	355
22748	reedsharkstripling	8	1000	16	16	44
22749	humansacrificeoolutanga	6	64	2	0	2
22753	guardiantempleenlightenment	171	13410	0	0	0
22754	guardiantempleforgetfulness	171	13410	0	0	0
22809	banderlingbandit	50	10000	84	140	185
22810	banderlingrogue	60	17500	120	165	230
22818	huntersleapeldrista	6	108	0	0	0
22827	emissaryasherondec02	60	3437	0	0	0
22828	giftboxnpc	710	5228	0	0	0
22829	snowmanblind	2	15	1	1	1
22890	studentaunparaita	18	661	1	0	1
22891	studentnuhmudirahuman	9	516	1	0	1
22892	studentnuhmudiralugian	46	2562	2	0	2
22893	studentnuhmudiratumerok	18	661	1	0	1
22894	studenttornash	46	2562	2	0	2
22897	banderlingheirophant	160	1500000	327	297	444
22898	banderlingparagon	160	500000	300	304	436
22899	drudgeseraph	160	1500000	310	276	445
22900	grievverbile	160	500000	310	320	420
22901	mattekarswarthy	160	500000	314	326	433
22902	olthoiprimordial	160	1500000	357	364	460
22903	tuskerobliterator	900	6214571	283	365	435
22904	darkrevenantguardian	160	1500000	300	279	410
22905	zombielichoppressor	160	500000	330	284	455
22908	hollowminiongatekeeper	135	250000	370	310	450
22909	shadowmaelstrom	100	80000	280	220	365
22910	shadowpandem	80	30000	248	210	350
22911	shadowparoxim	100	80000	275	215	360
22912	shadowparoximstealth	100	25000	203	246	292
22913	virindiprofaneauditor	135	250000	367	340	460
22914	virindiprofanenosummon	100	80000	280	240	380
22915	virindiprofanesage	135	250000	347	700	298
22933	golemmist	80	30000	140	170	265
22934	studentnuhmudirapermgiftquest	9	516	1	0	1
22935	studentnuhmudirascared	9	516	1	0	1
22936	warehousemanager	18	661	1	0	1
23035	golemobsidiancrystalmine-nofall	160	500000	460	219	281
23039	studentnuhmudirawrhseguard	46	2562	2	0	2
23040	warehousemanagerfallencantgetup	18	661	1	0	1
23082	golemnubilous	80	30000	125	144	255
23087	lugianjustinianraider	160	1500000	335	355	463
23088	lugianprefectraider	160	500000	312	355	463
23089	shadowphantom	115	125000	310	243	410
23090	shadowspecter	115	125000	300	230	403
23091	shadowwraith	135	750000	315	248	415
23092	tumerokreveredshaman	160	1500000	320	295	430
23093	tumeroktranscendant	160	500000	310	310	430
23205	monougatremendouslo	999	8000000	133	283	200
23316	fishingholehigh	5	24	0	0	0
23317	fishingholelow	5	24	0	0	0
23318	fishingholemid	5	24	0	0	0
23331	moarsmanrankfishingevent	31	2500	100	180	130
23332	niffisparfalfishingevent	10	700	80	80	90
23333	tacklemasterhigh	24	635	1	0	1
23334	tacklemasterlow	24	635	1	0	1
23335	tacklemastermid	24	635	1	0	1
23336	tacklemasternewbie	24	635	1	0	1
23345	golemironsmallarchive	160	500000	427	219	284
23348	astara	15	392	4	0	5
23349	delton	15	392	4	0	5
23350	scribetianliquan	15	392	4	0	5
23478	banderlingpredator	115	125000	310	325	410
23479	banderlingscalper	115	125000	310	290	410
23480	drudgebloodletter	135	250000	300	291	399
23481	olthoimutilator	115	125000	350	317	429
23482	olthoiwarrior	115	125000	315	315	410
23483	sclavusastelord	100	80000	280	230	375
23484	sclavuschomulord	115	125000	265	250	385
23485	sclavusessalord	100	80000	290	240	390
23486	sclavusfaisilord	115	125000	260	245	375
23487	sclavussatalord	115	125000	285	254	390
23488	sclavusululord	100	80000	290	240	385
23489	virindiconsul	135	250000	295	295	405
23490	virindicouncillor	80	30000	150	155	270
23511	spearcagenpc	66	4517	1	0	1
23523	locollectoratlatl	60	2213	1	0	1
23524	minionmartineatlatl	11	161	2	0	2
23548	crystalshardsentient	160	500000	374	250	464
23549	crystalshardsentinel	160	500000	250	400	550
23550	golemplatinumking	750	4357299	300	258	438
23551	gromnieashadolescent	160	1500000	350	360	460
23552	gromnieazureadolescent	160	1500000	350	350	460
23553	gromnieivoryadolescent	160	1500000	350	345	460
23554	gromnierustadolescent	160	500000	350	345	460
23555	hollowminiontelumiat	115	125000	345	310	450
23556	knathandras	160	1500000	390	260	490
23557	knathgerg	155	223920	390	260	490
23558	knathlanal	160	1500000	390	260	490
23559	knathnaes	160	1500000	390	260	490
23560	knathsel	155	223920	390	260	490
23561	knathshirc	160	1500000	390	260	490
23562	shadowabyssal	115	125000	295	230	390
23563	shadowsinister	100	80000	280	220	365
23564	shadowtenebrous	100	80000	290	230	380
23565	tumerokmajor	80	30000	225	205	325
23566	tumeroktrooper	115	125000	298	260	388
23567	tumerokwarmonger	115	125000	330	280	420
23568	ursuindread	160	500000	300	355	465
23569	virindiadjudicator	115	125000	275	265	385
23570	virindiparadox	220	4000000	300	315	425
23571	virindiquidiox	220	4000000	300	295	420
23616	crystalshard	100	80000	225	222	360
23617	tumerokchampion	100	80000	277	240	380
23624	ratbrowntiny	1	5	10	10	10
23625	ratwhitetiny	1	5	10	10	10
23769	virindipreceptor	100	80000	290	200	395
23987	olthoiswarmguard	115	125000	330	320	410
23988	olthoiswarmnoble	100	80000	315	300	390
23989	olthoiswarmsoldier	100	80000	305	300	370
23990	olthoswarmieviscerator	115	125000	315	315	400
23996	bookshelfasheron	213	17539	0	0	0
23997	lugianolcris	46	2562	2	0	2
23998	npcdiamondgolem1	710	295926	0	0	0
23999	npcdiamondgolem2	710	295926	0	0	0
24000	npcdiamondgolem3	710	295926	0	0	0
24001	npcwardendiamondgolem	710	757504	0	0	0
24029	mitequeen	60	17500	176	186	275
24030	miteroyalmatron	60	17500	166	176	266
24031	miteroyalsentry	50	10000	126	152	261
24032	miteroyalsquire	60	17500	130	156	265
24036	virindiinterrogator	100	80000	290	200	395
24052	auninterncrossbow	11	384	1	0	1
24053	auninternrubble	11	384	1	0	1
24054	auninternstaffmagic	11	384	1	0	1
24055	auninternstaffmelee	11	384	1	0	1
24067	diasswordnpc	66	4517	1	0	1
24068	syltynrillon	15	392	4	0	5
24069	weaponsmithomaro	15	392	4	0	5
24133	crystalmoiety	125	500000	365	262	425
24134	reedsharkslasher	100	80000	295	290	395
24139	banditinvisibleoswald	50	3231	3	0	1
24153	ayanbaquraaminah	85	2651	1	0	1
24154	npcinvisibleoswaldballa	28	1894	1	0	1
24155	npcinvisibleoswaldballb	28	1894	1	0	1
24156	npcinvisibleoswaldballc	28	1894	1	0	1
24157	npcinvisibleoswaldballd	28	1894	1	0	1
24158	npcwoodentablet	48	5228	0	0	0
24159	puzzleboxoswald	710	5228	0	0	0
24160	tailorapprenticero	36	771	1	0	1
24161	treesecretlair	710	43164	0	0	0
24184	corpsejaleh	710	43164	0	0	0
24212	strongholdcollectorhuman	76	3275	1	0	1
24213	strongholdcollectorlugian	88	5470	2	0	2
24214	strongholdcollectortumerok	72	4280	1	0	1
24215	collectorshoblackhill	5	221	1	0	1
24216	trophysmithblackhill	8	241	1	0	1
24224	arcanumalchemistapprentice	40	1112	0	0	0
24242	olthoifighternanoc	125	1279	1	0	1
24243	olthoifighternarg	98	542	4	0	5
24244	olthoifighterpincerdanta	119	515	4	0	5
24245	olthoifighterratnose	118	515	4	0	5
24246	olthoifighterripper	122	542	4	0	5
24247	olthoifighterteela	122	542	4	0	5
24248	royalguardperilbeneath	45	845	1	0	1
24249	scoutabigwei	15	392	4	0	5
24250	scoutarat	15	392	4	0	5
24251	scoutstrongbow	15	392	4	0	5
24263	shoshrinenpc	66	4517	1	0	1
24270	boygrubinfesteddrone-xp	35	1528	75	100	125
24271	boygrubinfestedgardener-xp	26	852	60	60	100
24272	boygrubinfestedharvester-xp	18	507	62	53	85
24273	boygrubinfestednymph-xp	32	1223	85	110	75
24274	banderlingaggressor	135	250000	330	345	440
24275	banderlingantagonist	100	80000	210	225	335
24276	banderlingsavage	115	125000	315	335	430
24277	banderlingslayer	100	80000	260	230	365
24278	drudgecabalist	135	250000	305	295	400
24279	drudgegloom	100	80000	270	220	375
24280	drudgemurk	100	80000	215	200	310
24281	drudgemystic	115	125000	267	235	380
24282	drudgepeerless	135	250000	300	291	399
24283	drudgesage	100	80000	235	210	345
24284	lugianjuggernaut	135	250000	340	295	435
24285	lugianjuggernautraider	135	250000	340	325	435
24286	lugiantitan	135	250000	360	315	450
24287	monougabloodthirsty	100	80000	310	240	401
24288	monougacruel	80	30000	200	190	321
24289	monougacunning	80	30000	220	195	326
24290	monougainsidious	100	80000	320	250	421
24291	monougamerciless	100	80000	330	265	421
24292	monougapugnacious	100	80000	300	235	381
24293	monougaterrible	100	80000	310	225	371
24294	monougaunruly	80	30000	266	220	361
24295	olthoiadvanceguard	100	80000	305	340	370
24296	olthoibroodmatron	135	250000	370	320	460
24297	olthoiguard	80	30000	225	225	325
24298	olthoimutilator-nofall	115	125000	350	317	429
24299	olthoiswarmdrone	80	30000	225	235	325
24300	olthoiswarmgardener	50	10000	150	207	280
24301	olthoiswarmharvester	40	7000	140	175	235
24302	olthoiswarmlegionary	100	80000	270	280	255
24303	olthoiswarmmatron	140	82958	375	350	470
24304	olthoiswarmnymph	60	17500	150	207	280
24305	olthoiswarmwarrior	115	125000	370	320	460
24306	olthoiswarmworker	100	80000	270	280	255
24307	olthoivanquisher	115	125000	330	320	410
24308	olthoiwarrior-nofall	115	125000	315	315	410
24309	olthoswarmieviscerator-nofall	115	125000	315	315	400
24310	ratdireland	100	80000	215	260	350
24311	reedsharkskinner	80	30000	195	240	320
24312	reedsharkstalker	80	30000	220	250	355
24313	skeletonarmored	100	80000	250	210	360
24314	skeletonchampion	100	80000	285	232	385
24315	skeletonhero	115	125000	290	242	390
24316	skeletonmate	115	125000	305	280	410
24317	skeletonprimeval	115	125000	310	242	395
24318	skeletonswashbuckler	115	125000	295	265	400
24319	zombiedarkmaster	100	80000	265	215	380
24320	zombiegreatrevenant	100	80000	240	204	355
24321	zombielichcaptain	135	250000	330	280	435
24322	zombielichcaptainlow	100	80000	265	215	380
24323	zombielichsailor	115	125000	325	290	430
24324	zombielichsailorlow	100	80000	240	204	355
24325	zombiephantasm	115	125000	295	232	397
24326	zombierisenlord	100	80000	230	225	330
24327	olthoifightermandible	124	515	4	0	5
24431	asheroninvasion	710	131633	0	0	0
24432	golemguardianasheron	710	272009	0	0	0
24449	olthoibroodmatronextreme	185	800000	370	333	472
24450	olthoibroodmatronhigh	115	125000	330	327	410
24451	olthoibroodmatronlow	80	30000	192	223	305
24452	olthoibroodmatronmid	100	80000	298	277	366
24453	olthoiswarmmutilator	135	250000	385	345	460
24475	simulacrumbanditharker	100	80000	230	240	340
24478	golemcoralmini	100	80000	255	230	355
24479	golemgranitemini	115	125000	300	250	395
24480	golemironmini	115	125000	323	259	408
24481	golemmagmamini	135	250000	300	265	429
24482	golemmudmini	100	80000	255	230	355
24483	golemobsidianmini	115	125000	318	255	400
24484	golemsandstonemini	115	125000	323	259	408
24485	golemwatermini	100	80000	260	212	357
24486	golemwoodmini	115	125000	300	250	395
24493	tethgatesentry	12	272	0	0	0
24494	lugianextasrenegade	80	30000	240	255	375
24495	lugianjuggernautrenegade	125	250000	345	325	430
24496	lugianrenegadegeneral	185	800000	370	360	463
24497	lugiantiatusrenegade	100	80000	300	280	400
24498	tumerokchampionrenegade	100	80000	282	245	375
24499	tumerokhighpriestarcherrenegade	125	66560	335	280	415
24500	tumerokrenegadecommander1archer	185	800000	325	320	445
24501	tumerokrenegadecommander2mage	185	800000	325	320	445
24502	tumeroktrooperrenegade	115	56040	300	265	385
24511	strongholdarchetecthuman	85	1584	1	0	1
24512	strongholdguardlugian	108	17763	2	0	2
24513	strongholdsurveyortripod	66	4517	1	0	1
24514	strongholdsurveyortumerok	108	661	1	0	1
24517	golemsandmini	100	80000	260	210	350
24573	collectorcandethkeep	88	3570	1	0	1
24574	collectorstonecandethkeep	96	181	1	0	1
24575	crafterivorycandethkeep	77	1370	1	0	1
24576	leathercraftercandethkeep	78	1862	1	0	1
24577	agentwritrefugecandethkeep	72	1220	0	0	0
24578	candethkeepsentrytumerok	60	384	1	0	1
24637	olthoibroodmatronhiveshigh	115	125000	330	327	410
24638	olthoibroodmatronhivesmid	115	125000	298	277	366
24639	olthoibroodqueenhigh	115	125000	330	320	420
24640	olthoibroodqueenmid	100	80000	295	270	370
24660	lugianrenegadelo	185	620494	370	360	463
24661	tumerokrenegadelo	185	606525	325	320	445
24856	harbingerrepeataerbax	999	1241063	285	300	430
24857	harbingerrepeatnuhmudira	999	1241063	285	300	430
24858	npcsclavusharbinger	145	61341	180	163	180
24859	npcvirindiharbinger	235	688202	180	163	180
24864	iorikeyestalk	115	41633	315	250	410
24865	ioriktendril	100	31744	285	235	390
24866	ioriktentacle	105	35514	310	240	400
24867	sishaltieyestalk	115	41633	315	250	410
24868	sishaltitendril	100	31744	285	235	390
24869	sishaltitentacle	105	35514	310	240	400
24873	candethkeepguardhuman	92	17763	2	0	2
24874	candethkeepsentryhuman	35	1096	1	0	1
24878	shadowumbrishidden	186	16083	180	300	220
24907	olthoibroodmatronhivesextreme	115	125000	370	333	472
24908	olthoibroodmatronhiveslow	100	80000	172	223	285
24909	olthoibroodqueenextreme	135	250000	365	300	460
24910	olthoibroodqueenlow	80	30000	150	190	275
24937	chickenhen	4	800	20	5	20
24938	olthoiflyernettler	20	3500	44	78	104
24939	lugianamplothrenegade	20	3500	72	96	108
24940	lugiangigasrenegade	50	10000	150	161	235
24941	lugianlaigusrenegade	20	3500	50	86	88
24942	lugianlithosrenegade	40	7000	105	125	200
24943	lugianobelothrenegade	30	5000	72	104	118
24951	lugiantitanrenegade	135	250000	360	335	450
24954	lugianmontok	70	13816	210	205	315
24955	lugianmontokrenegade	80	30000	210	225	315
24957	olthoiflyerlacerator	115	125000	320	300	425
24958	olthoiflyerlancer	100	80000	290	280	390
24959	olthoiflyerneedler	50	10000	130	165	235
24960	olthoiflyerpiercer	80	30000	225	245	330
24961	olthoigrubeviscerator	79	18222	290	240	365
24962	olthoigrubnoble	60	17500	215	220	310
24963	olthoigrubnymph	9	226	30	40	50
24964	olthoigrubsoldier	35	3600	90	110	200
25283	chickenrooster	7	50	60	20	60
25285	lugianextasrenegaderunner	105	35485	305	275	395
25291	knathtamt	160	1500000	390	260	490
25292	knaththeareh	160	500000	390	260	490
25293	knathxela	160	500000	390	260	490
25314	undeadmechanic	67	4517	1	0	1
25341	olthoicrawlersentinelkillable	160	500000	130	233	325
25345	zombieundeadabbess	160	500000	330	275	450
25346	zombieundeadconsort	115	125000	330	265	405
25347	zombieundeadmatriarch	135	250000	340	282	430
25348	zombieundeadpatrician	135	250000	330	270	415
25349	virindiprofanespecial	100	51696	280	240	380
25375	daisbraceletdarkessence	3861	382432	0	0	0
25387	npctomefalatacot	14194	1413809	1	0	1
25388	npcvirindigerent	400	382252	1	0	1
25450	chestrockpilerot2	66	4517	1	0	1
25452	olthoicrawlerkeeper	120	62118	350	317	429
25453	olthoimatronrot1	115	138743	325	275	410
25455	olthoiroyalguardrot1	115	43794	330	320	410
25483	assistanttonuhmudirarot2	5	152	1	0	1
25484	backpacklettergarsh	66	4517	0	0	0
25485	exstudentnuhmudirarot2	15	392	4	0	5
25486	hiypthetoadrot2	15	392	4	0	5
25489	poololthoijelly	66	4517	0	0	0
25493	renegadegarrisonguard	50	2394	0	0	0
25518	fellowemotetestnpc	5	154	1	0	1
25552	olthoisentinelrot2	161	499196	130	243	325
25562	banderlingchampion	160	1500000	300	304	436
25563	drudgeseraphmystic	160	1500000	310	276	445
25568	npcbanderlingchampion	165	563270	300	304	436
25569	npcdrudgeseraphmystic	165	514757	310	276	445
25577	testeventnpc	5	154	1	0	1
25578	chickencrossingroad	4	30	20	5	20
25579	falatacotvitriaka	120	67000	330	265	405
25584	archmageladydain	126	11359	1	0	1
25585	daliuskendmar	83	10769	1	0	1
25586	sclavusdain	115	56016	260	245	375
25587	torchlabnpc	155	12707	0	0	0
25596	gromnieamethyst	100	80000	350	270	260
25597	gromnieemerald	100	80000	350	270	260
25598	gromnieruby	100	80000	350	270	260
25599	gromniesapphire	100	80000	350	270	260
25600	hemmiktheslynpc	85	4652	75	0	50
25601	poolelementalacidicnpc	0	3619	0	0	0
25602	poolelementalelectricnpc	0	3619	0	0	0
25603	poolelementalflamingnpc	0	3619	0	0	0
25604	poolelementalfreezingnpc	0	3619	0	0	0
25659	knathikm	160	1500000	390	260	490
25662	shadowvoidknight	100	80000	280	220	365
25663	shadowvoidknightvod	160	1500000	245	315	350
25664	shadowwretch	100	80000	290	230	380
25665	shadowwretchvod	160	1500000	245	315	350
25667	wispdarkvapor	135	250000	405	225	465
25672	royalguardaurtenrhell	45	845	1	0	1
25673	shadowvoidknightnpc	100	16502	1	0	1
25682	guarddeepplaces	85	5861	1	0	1
25683	undeaddeepplaces	161	364502	1	0	1
25709	banditnoir	15	2000	5	25	35
25711	banditargylenoir1	16	426	1	0	1
25712	banditklausnoir1	14	107	1	0	1
25713	bookcasenoir1	710	43164	0	0	0
25714	booknoir1	48	5228	0	0	0
25715	damenoir1	75	5275	1	0	1
25716	encrustedscrollcasenoir1	8910	885432	1	0	1
25717	guardnoir1	45	4341	1	0	1
25718	keyringnoir1	710	43164	0	0	0
25719	mosswartidolnoir1	710	39115	0	0	0
25720	portaltreenoir1	710	43164	0	0	0
25721	scallywagnoir1	8	107	1	0	1
25722	signnoir1	8910	885432	1	0	1
25723	signtreenoir1	710	43164	0	0	0
25724	skeletonnoir1	710	43164	0	0	0
25725	torchdummynoir1	710	43164	0	0	0
25726	torchnoir1	710	43164	0	0	0
25745	olthoibutcher	85	21594	235	245	350
25746	olthoigardener	26	2555	90	88	130
25747	olthoigrublow	18	1156	130	150	60
25748	olthoigrublow-nofall	18	1156	130	150	60
25749	olthoiharvester	18	1521	84	78	124
25750	olthoilegionary	70	14483	195	225	295
25751	olthoilegionary-nofall	70	14483	195	225	295
25753	golemmagmadfdbig	80	30000	275	220	375
25754	golemmagmadfdmed	60	17500	275	220	375
25755	golemmagmadfdsmall	40	7000	275	220	375
25756	snowmanguard	60	17500	150	274	150
25788	snowmancook	44	15	0	0	0
25789	snowmangardener	38	15	0	0	0
25790	snowmankid1	6	15	0	0	0
25791	snowmankid2	4	15	0	0	0
25792	snowmanmayor	29	15	0	0	0
25793	snowmanmechanic	31	15	0	0	0
25794	snowmanmom	21	15	0	0	0
25802	olthoibutcher-nofall	85	21594	235	245	350
25803	skeletonarchfiend	160	1500000	333	360	450
25804	skeletonarmoredlord	115	125000	300	270	415
25805	skeletonfiend	115	125000	305	280	410
25806	skeletontormenter	160	500000	380	300	477
25807	zombiechimera	160	1500000	310	304	425
25808	zombiedemilich	135	250000	330	275	435
25809	zombieeliterevenant	115	125000	325	295	430
25824	brazierburningemptysoul	183	16560	1	0	1
25825	crystalformationemptysoul	183	16560	1	0	1
25826	honshutekada	101	7815	200	0	200
25827	karaadherent	53	3394	1	0	1
25828	nantoadherent	53	3394	1	0	1
25829	shrinejojiilin	183	16560	1	0	1
25830	shrinejojiisawato	1570	155310	1	0	1
25831	smoothrocksemptysoul	183	16560	1	0	1
25832	toutouadherent	53	3394	1	0	1
25844	carenzibosssnarl	161	793989	245	360	395
25845	margulbossgikar	170	907335	275	280	410
25846	marionettebosspuppeteer	161	783523	360	285	460
25847	ratbossscourge	161	725423	310	330	425
25848	reedsharkbossplaguefang	160	500000	194	324	365
25849	zefirbossatakir	170	1031474	305	325	432
25850	carenzimangy	115	125000	220	300	370
25851	carenzimottled	135	250000	230	320	380
25852	carenziravager	185	2400000	245	352	395
25853	carenzitainted	160	500000	245	345	390
25854	dollbefouled	135	250000	370	270	470
25855	dollcosseted	135	250000	370	255	460
25856	dolldefiled	160	500000	370	275	470
25857	dolldesecrated	135	250000	370	265	465
25858	dollsoiled	135	250000	370	245	460
25859	margulbiaka	160	1500000	287	285	420
25860	margulcreeping	135	250000	300	280	430
25861	margulgraal	160	500000	305	285	435
25862	margulhelcan	160	500000	318	275	430
25863	margulhellion	160	1500000	305	288	426
25864	margulstalking	135	250000	313	270	425
25865	marionettecursed	150	554053	390	285	480
25866	marionettedamned	155	687624	365	285	470
25867	marionettemalignant	145	389738	415	285	490
25868	mitecolossal	160	3400000	275	365	415
25869	mitegiant	135	250000	265	325	400
25870	mitemisshapen	135	250000	261	295	390
25871	mitemonstrous	135	750000	265	340	405
25872	mitemutated	135	250000	267	310	393
25873	nefaneglissnal	125	99620	370	268	465
25874	nefanelistris	130	107691	370	272	465
25875	nefaneparfal	145	529551	381	280	475
25876	nefanesephal	135	194563	375	275	470
25877	ratcontagion	135	750000	297	328	420
25878	ratinfested	115	125000	272	290	390
25879	ratpestilence	135	250000	282	313	404
25880	reedsharkdoomshark	160	500000	236	360	394
25881	riftebon	135	250000	410	295	485
25882	riftschism	160	500000	440	310	515
25883	rifttenebrous	135	250000	420	300	495
25884	riftumbral	160	500000	430	305	505
25885	zefirdark	135	250000	290	275	417
25886	zefirdusk	135	250000	300	270	411
25887	zefirinfernal	160	500000	310	325	432
25888	zefirmalevolent	165	1500000	307	310	432
25896	drunkguardcaul	45	4341	1	0	1
25951	alarqasflaggiver	11	161	2	0	2
25961	zharalimcrazed	80	30000	240	225	350
25962	zharalimcrazedfemale	80	30000	240	225	350
25963	zharalimdemented	80	30000	240	225	350
25964	zharalimdementedfemale	80	30000	240	225	350
25965	zharalimmaddened	80	30000	240	225	350
25966	zharalimmaddenedfemale	80	30000	240	225	350
25967	zharalimrayssidibnalhath	80	30000	275	200	370
25968	zharalimrhethalthok	80	30000	240	225	350
25969	zharalimtiyolibnyufaj	80	30000	240	225	350
25974	zharalimapprentice	52	1669	1	0	1
25985	candethkeepbattledungeonportalnpc	18	661	1	0	1
25986	forttethbattledungeonportalnpc	18	661	1	0	1
25987	nantobattledungeonportalnpc	18	661	1	0	1
25988	plateaubattledungeonportalnpc	18	661	1	0	1
25989	qalabarbattledungeonportalnpc	18	661	1	0	1
25990	toutoubattledungeonportalnpc	18	661	1	0	1
25991	xarabydunbattledungeonportalnpc	18	661	1	0	1
25992	yaraqbattledungeonportalnpc	18	661	1	0	1
26005	skeletonbossbaronnuvillus	80	30000	210	200	310
26008	golemgelidite	100	80000	260	212	357
26011	skeletonlordarcher	35	4292	50	100	150
26012	burunruukadept	50	10000	138	132	235
26013	burunruukadherent	80	30000	225	208	335
26014	burunruukfiend	115	125000	304	332	399
26015	burunruuklout	100	80000	265	282	354
26016	burunruukruffian	80	30000	195	235	294
26017	burunruuksavage	135	250000	348	352	432
26018	burunruukscamp	40	7000	78	132	184
26019	burunruukseer	100	80000	322	241	404
26020	burunruukshaman	135	250000	404	302	468
26021	burunruuksoothsayer	135	250000	371	283	439
26453	ulgrimcopycombat	85	13394	240	200	350
26457	ulgrimcopy	50	3709	2	0	2
26458	ulgrimcopyeastham	50	3709	2	0	2
26459	ulgrimcopylytelthorpe	50	3709	2	0	2
26460	ulgrimcopyrithwic	50	3709	2	0	2
26461	ulgrimcopysamsur	50	3709	2	0	2
26462	ulgrimcopysawato	50	3709	2	0	2
26463	ulgrimcopyshoushi	50	3709	2	0	2
26464	ulgrimcopytoutou	50	3709	2	0	2
26465	ulgrimcopyuziz	50	3709	2	0	2
26466	ulgrimcopyyanshi	50	3709	2	0	2
26468	golemoakmighty	80	30000	256	205	354
26469	mattekarebon	80	30000	160	255	305
26470	shrethfire	100	80000	270	230	370
26516	undeadancientsoul	135	250000	340	282	430
26517	undeadbossibrexijikti	95	2000000	240	204	355
26518	undeadbossjexkiki	125	5000000	330	270	415
26519	undeadbosskixktixri	161	10000000	330	275	450
26521	undeadgravespirit	100	80000	230	225	330
26533	braceixirnpc	171	13410	0	0	0
26534	buttontempledoor	710	43164	0	0	0
26535	crownixirnpc	171	13410	0	0	0
26536	mosswarttemple	26	2532	0	0	0
26537	portalixirnpc	171	13410	0	0	0
26538	sarcophagustempleendgame	427	39036	0	0	0
26539	sickleixirnpc	171	13410	0	0	0
26540	spearixirnpc	171	13410	0	0	0
26541	staffixirnpc	171	13410	0	0	0
26542	statueappeasementjudge	171	13410	0	0	0
26543	statuespikelauncher3	427	39036	0	0	0
26544	statuespikelauncher7	427	39036	0	0	0
26545	statuetempleantechamber	427	39036	0	0	0
26546	statuetempleappeasement	171	13410	0	0	0
26547	statuetempleapprenticeexit	171	13410	0	0	0
26548	statuetemplearbiter	427	39036	0	0	0
26549	statuetempleconsortexit	171	13410	0	0	0
26550	statuetemplecunning	171	13410	0	0	0
26551	statuetemplecunninghighmatron	171	13410	0	0	0
26552	statuetemplecunningmatron	427	39036	0	0	0
26554	statuetempleendgamea	276	23940	0	0	0
26555	statuetempleendgameb	276	23940	0	0	0
26556	statuetempleendgamec	276	23940	0	0	0
26557	statuetempleendgamed	276	23940	0	0	0
26558	statuetempleguardorange	427	39036	0	0	0
26559	statuetempleguardorangeexit	427	39036	0	0	0
26560	statuetempleguardred	427	39036	0	0	0
26561	statuetempleguardredexit	427	39036	0	0	0
26562	statuetempleguardyellow	427	39036	0	0	0
26563	statuetempleguardyellowexit	427	39036	0	0	0
26564	statuetempleixirzi	171	13410	0	0	0
26565	statuetemplematriarchexit	171	13410	0	0	0
26566	statuetemplewit	171	13410	0	0	0
26567	statuewitjudge	171	13410	0	0	0
26568	statuespikelauncher5	427	39036	0	0	0
26569	swordixirnpc	171	13410	0	0	0
26570	templeapprenticecontroller	15	307	1	0	1
26571	templeapprenticefeedera	276	23940	0	0	0
26572	templeapprenticefeederb	276	23940	0	0	0
26573	templeapprenticefeederc	276	23940	0	0	0
26574	templeapprenticefeederd	276	23940	0	0	0
26575	templeconsortcontroller	15	307	1	0	1
26576	templeconsortfeedera	276	23940	0	0	0
26577	templeconsortfeederb	276	23940	0	0	0
26578	templeconsortfeederc	276	23940	0	0	0
26579	templeconsortfeederd	276	23940	0	0	0
26581	templematriarchcontroller	15	307	1	0	1
26582	templematriarchfeedera	276	23940	0	0	0
26583	templematriarchfeederb	276	23940	0	0	0
26584	templematriarchfeederc	276	23940	0	0	0
26585	templematriarchfeederd	276	23940	0	0	0
26586	templeofferingpit	171	13410	0	0	0
26587	vinetempleportal	710	43164	0	0	0
26635	templeofferingtable	276	23940	0	0	0
26650	buttontempledoor2	710	43164	0	0	0
26651	buttontempledoor3	710	43164	0	0	0
26652	buttontempledoor4	710	43164	0	0	0
26653	buttontempledoor5	710	43164	0	0	0
26654	buttontempledoor6	710	43164	0	0	0
26655	buttontempledoor7	710	43164	0	0	0
26656	buttontempledoor8	710	43164	0	0	0
26657	templeofferingtable2	276	23940	0	0	0
26658	templeofferingtable3	276	23940	0	0	0
26668	templeofferingpit2	171	13410	0	0	0
26669	templeofferingpit3	171	13410	0	0	0
26670	armoredillobabybronze	16	931	45	55	80
26671	armoredillobabybrown	4	82	10	24	20
26672	armoredillobabysandy	16	990	60	60	95
26673	armoredillobabyspikey	5	158	10	24	20
26674	armoredillobabyspiny	2	39	10	24	20
26675	armoredillobabystony	7	285	30	46	45
26676	chickenbaby	4	800	15	8	15
26677	mattekarbabydire	33	4432	110	115	165
26678	mattekarbabygreat	16	1339	60	66	112
26679	mattekarbabysnowy	12	852	50	52	84
26680	mattekarbabywhite	9	447	32	37	62
26681	niffisbabyglissnal	19	1501	74	84	63
26682	niffisbabylistris	16	1037	76	74	44
26683	niffisbabyparfal	12	707	80	68	34
26684	shrethbabyblood	7	325	35	22	68
26685	shrethbabycarrion	5	150	16	12	46
26686	shrethbabygnawer	2	35	18	8	34
26687	shrethbabyhunter	11	649	39	44	88
26688	shrethbabyvorous	14	1064	40	56	126
26689	ursuinbabyfield	9	485	46	42	86
26690	ursuinbabylinvak	30	2649	90	105	75
26691	ursuinbabyscavenger	2	48	25	22	36
26692	ursuinbabyslasher	30	2517	90	95	75
26693	ursuinbabytiofor	16	1158	66	76	104
27097	burunruukadeptencampment	50	10000	138	132	235
27098	burunruukadherentencampment	80	30000	225	208	335
27099	burunruukruffianencampment	80	30000	195	235	294
27100	burunruukscampencampment	40	7000	78	132	184
27117	translatoraunlaokhe	50	4294	75	90	60
27131	burunruukadherentliazk	79	11966	225	208	335
27132	burunruukseerliazk	100	31711	322	241	404
27133	burunruukshamanliazk	140	82693	404	302	468
27134	burunruuksoothsayerliazk	120	62120	371	283	439
27135	slithisirkithstalk	95	26942	260	215	360
27136	slithisithikstalk	35	4328	100	110	190
27137	slithitsspthis	70	14954	185	185	310
27138	undeadancientsoulliazk	135	77430	340	282	430
27139	undeadcryptspiritliazk	110	37229	295	227	392
27140	undeadgravespiritliazk	85	20252	190	210	330
27141	undeadrestlesssoulliazk	125	66661	330	270	415
27146	bowliazknpc	171	13410	0	0	0
27147	joliazknpc	171	13410	0	0	0
27148	katarliazknpc	171	13410	0	0	0
27149	kukriliazknpc	171	13410	0	0	0
27150	sarcophagusliazkitzi	427	39036	0	0	0
27151	scrollcoordinationnpc	171	13410	0	0	0
27152	scrollendurancenpc	171	13410	0	0	0
27153	scrollfocusnpc	171	13410	0	0	0
27154	scrollquicknessnpc	171	13410	0	0	0
27155	scrollselfnpc	171	13410	0	0	0
27156	scrollstrengthnpc	171	13410	0	0	0
27157	statuefeederliazka	276	23940	0	0	0
27158	statuefeederliazkb	276	23940	0	0	0
27159	statuefeederliazkc	276	23940	0	0	0
27160	statueliazkitziguardian	276	23940	0	0	0
27161	statueliazkitziguardianspirit40	171	13410	0	0	0
27162	statueliazkitziguardianspirit60	171	13410	0	0	0
27163	statueliazkitziguardianspirit80	171	13410	0	0	0
27164	statueliazkitziguardianspirit100	171	13410	0	0	0
27165	statueliazkitziguardianspiritexit40	171	13410	0	0	0
27166	statueliazkitziguardianspiritexit60	171	13410	0	0	0
27167	statueliazkitziguardianspiritexit80	171	13410	0	0	0
27168	statueliazkitziguardianspiritexit100	171	13410	0	0	0
27169	statueliazkrewardgate	171	13410	0	0	0
27170	statueportaldeviceliazk40	276	23940	0	0	0
27171	statueportaldeviceliazk60	276	23940	0	0	0
27172	statueportaldeviceliazk80	276	23940	0	0	0
27173	statueportaldeviceliazk100	276	23940	0	0	0
27174	vineportalliazkitzi	710	43164	0	0	0
27238	statueliazkitziguardiantest100	171	13410	0	0	0
27239	statueliazkitziguardiantest40	171	13410	0	0	0
27240	statueliazkitziguardiantest60	171	13410	0	0	0
27241	statueliazkitziguardiantest80	171	13410	0	0	0
27251	alarqasraimentgiver	11	161	2	0	2
27253	fishingreleasenewbie	5	24	0	0	0
27254	golemironkingpin	40	14000	110	100	215
27255	golemmudsludgelord	20	3500	0	32	20
27262	golemhunterextreme	95	10742	1	0	1
27263	golemhunterhigh	89	9792	1	0	1
27264	golemhunterlow	26	780	1	0	1
27265	golemhuntermid	53	2208	1	0	1
27266	golemhunternewbie	11	112	1	0	1
27267	golemhunteruber	95	10742	1	0	1
27268	tumerokaunkielerea	101	10742	1	0	1
27280	tumerokauntahuirea	120	19393	1	0	1
27282	margulyaruldi	160	500000	287	285	420
27283	marionetteyaja	155	687624	365	285	470
27284	shadowchildabyssal	135	250000	325	253	425
27285	shadowchilddepraved	135	250000	330	254	425
27286	shadowchildforsaken	160	500000	350	250	460
27287	shadowchildpandemic	135	250000	315	248	415
27288	shadowchildwretched	160	1500000	335	258	430
27306	npcforbiddenguardian	126	11215	1	0	1
27309	humanderangedsycophant	135	250000	390	286	440
27310	tuskerenragedfemale	115	125000	290	290	391
27311	tuskerenragedmale	115	125000	285	290	388
27312	tuskerassaultguard	135	250000	290	325	385
27313	tuskerpainbringer	135	250000	280	317	385
27317	npctuskerassaultjonas	91	2702	2	0	2
27409	pillarfire	100	80000	0	275	0
27411	pillarlightning	100	80000	0	415	0
27412	dollmanipulated	53	9035	168	115	279
27413	dolltinkered	53	9035	168	115	279
27414	drudgeravenerfighter1	80	30000	173	187	270
27415	drudgeravenerfighter2	80	30000	178	187	275
27416	golemmagmamonolithguard	95	190435	285	225	365
27417	hollowminionexcised	120	61933	345	310	450
27418	wizardxander	95	33807	275	200	370
27419	margulringbearer	155	1200000	305	288	426
27420	marionettedetached	35	4722	75	105	195
27421	mosswartidolaterenthralled	115	125000	360	253	429
27422	mosswarttruebeliever	100	80000	330	249	416
27423	mosswartzealotenthralled	135	250000	367	267	454
27424	mumiyahdesiccated	115	125000	363	259	449
27425	scarecrowenslaved	16	1176	54	60	94
27426	shadownightmare	135	250000	325	253	425
27427	shadownightmareboss	160	500000	330	254	425
27428	shadowphantomboss	135	250000	320	250	415
27429	shadowwraithconsumed	160	500000	335	258	430
27430	zombieeliterevenantward	115	125000	325	268	430
27431	homunculus	130	150000	300	294	409
27432	gibbering	161	505811	310	276	445
27458	lugianrenegadeeliteguarda	105	213735	300	280	400
27459	lugianrenegadeeliteguardb	135	250000	300	280	400
27460	lugianrenegadefortressguard	100	80000	300	280	390
27461	tumerokcommanderkamenua	100	80000	287	255	380
27475	corpselugiancontact	427	39036	0	0	0
27476	tablecontactnpc	427	39036	0	0	0
27487	banderlingaggressorforbidden	135	77398	330	345	440
27488	banderlingpredatorforbidden	125	66098	310	325	410
27489	banderlingsavageforbidden	130	71915	315	335	430
27490	chittickobsidianforbidden	135	72038	347	314	451
27491	drudgeascendantforbidden	125	65518	280	249	370
27492	drudgebloodletterforbidden	130	71207	300	291	399
27493	drudgecabalistforbidden	135	75480	305	295	400
27494	drudgepeerlessforbidden	135	75515	300	291	399
27495	golemplasmaforbidden	125	67979	318	255	400
27496	golemplatinumforbidden	135	74050	300	265	429
27497	hollowminiontelumiatforbidden	120	61933	345	310	450
27498	lugianjuggernautrenegadeforbidden	125	63831	345	325	430
27499	lugiantitanrenegadeforbidden	135	73440	360	335	450
27500	margulcreepingforbidden	145	130127	300	280	430
27501	margulstalkingforbidden	135	76500	313	270	425
27502	olthoiflyerlaceratorforbidden	125	66926	320	300	425
27503	olthoiswarmmutilatorforbidden	135	117023	385	345	460
27504	reedsharkreaperforbidden	125	62004	195	325	355
27505	shrethrendeathforbidden	120	43303	305	280	400
27506	tumerokreveredshamanforbidden	161	292525	320	295	430
27507	tumeroktranscendantforbidden	161	294349	310	310	430
27508	tuskerannihilatorforbidden	285	395725	295	355	420
27509	tuskerdevastatorforbidden	145	126576	290	345	410
27510	virindiconsulforbidden	125	82338	295	295	405
27511	virindiquidioxforbidden	210	1118843	300	295	420
27513	npcsycophantcorpse	5	154	0	0	0
27515	burunruukfiendvagrant	115	56766	304	332	399
27516	burunruukloutvagrant	95	26915	265	282	354
27517	burunruuksavagevagrant	135	77170	348	352	432
27518	burunruukseervagrant	100	31711	322	241	404
27519	burunruukshamanvagrant	140	82693	404	302	468
27520	burunruuksoothsayervagrant	120	62120	371	283	439
27521	burunvagrantextremelo	120	62120	371	283	439
27522	burunvagranthighlo	100	31711	322	241	404
27523	burunvagrantuberlo	140	82693	404	302	468
27524	mosswartvagrantmidlo	95	26607	250	225	350
27556	burunruukseervagrantboss	100	31711	322	241	404
27557	burunruukshamanvagrantboss	140	82693	404	302	468
27558	burunruuksoothsayervagrantboss	120	62120	371	283	439
27564	golemcoralviceroyhunted	115	125000	297	240	380
27565	golemglacialmargravehunted	100	80000	272	175	340
27566	golemmagmaexarchhunted	135	250000	285	225	365
27567	humanbrute	80	30000	200	255	300
27568	humanknife	60	17500	142	192	230
27571	olthoimutilatorspecial	115	125000	350	317	429
27572	olthoiwarriorspecial	115	125000	315	315	410
27573	olthoiworkerspecial	50	10000	150	197	280
27661	burunruukmorgluuk	200	5000000	370	345	422
27662	burunruuktorgluuk	200	934487	285	308	432
27663	lugianlordmuldaveus	200	1045706	335	320	442
27664	tumerokniarltah	200	946242	305	305	462
27665	lugianrenegadefostok	135	313910	386	335	450
27666	lugianrenegadeollar	95	28009	280	280	390
27667	tumerokrenegadeamanua	135	314480	335	302	415
27668	tumerokrenegadewaliknua	105	53144	282	245	375
27689	royalguardgabrielle	120	2214	1	0	1
27708	carenzicarnivorous	100	80000	207	270	325
27709	golemgreatelariwood	100	80000	277	247	379
27710	gromniebrass	115	125000	340	280	410
27711	gromniecopper	115	125000	340	276	415
27712	siraluunbadlands	115	125000	320	270	405
27713	siraluununtamed	100	80000	310	265	400
27714	tumerokheachampion	100	80000	277	240	380
27715	ursuinferocious	80	30000	230	208	325
27716	ursuinraging	100	80000	245	215	336
27717	ursuinslicer	100	80000	270	220	350
27718	ursuinwoodland	100	80000	240	213	335
27740	collectoralchemyalunewbie	5	221	1	0	1
27741	collectoralchemyghanewbie	5	221	1	0	1
27742	collectoralchemyshonewbie	5	221	1	0	1
27743	collectorcookingalunewbie	5	221	1	0	1
27744	collectorcookingghanewbie	5	221	1	0	1
27745	collectorcookingshonewbie	5	221	1	0	1
27746	collectorfletchingalunewbie	5	221	1	0	1
27747	collectorfletchingghanewbie	5	221	1	0	1
27748	collectorfletchingshonewbie	5	221	1	0	1
27798	golemancientdiamond	115	125000	277	247	379
27799	skeletonbloodfiend	115	125000	257	244	330
27800	tuskerinfectedassailer	115	125000	277	282	383
27805	npcfloatingbottle	5	154	0	0	0
27806	npclighthousehermit	101	8231	1	0	1
27812	minionmartinelife	11	161	2	0	2
27813	minionmartinewar	11	161	2	0	2
27814	virindicastawaymartine	11	161	2	0	2
27852	burungurukhulk	135	250000	406	334	462
27853	moarsmandisgusting	80	30000	205	200	347
27854	moarsmanfetid	50	10000	100	125	195
27855	moarsmanfilthdweller	135	250000	332	282	432
27856	moarsmanmiry	115	125000	270	220	375
27857	moarsmanmuckglutton	115	125000	275	260	375
27858	moarsmanmuculent	60	17500	100	125	195
27859	moarsmanpallid	20	3500	58	55	66
27860	moarsmansallow	15	2000	58	55	66
27861	moarsmansquallid	135	250000	332	282	432
27862	moarsmanvicous	100	80000	205	200	347
27863	mosswartcringer	80	30000	265	204	361
27864	mosswartmuckstalker	80	30000	240	197	344
27892	burunruukscampmosswartexodus	40	7000	78	132	184
27893	drudgeprowlermosswartexodus	7	179	28	8	20
27899	mosswartbleearghnpc	120	2532	0	0	0
27917	undeadbosshezhit	130	218916	348	284	441
27918	undeadbossjrvik	111	161783	302	290	403
27919	undeadbosszixki	150	274905	333	308	444
27920	undeadtorturedattendant	100	80000	272	268	383
27921	undeadtorturedconsort	125	66737	317	276	408
27922	undeadtorturedpatriarch	145	86611	325	302	440
27934	beaconhizkriguruk60	276	23940	0	0	0
27935	beaconhizkriguruk80	276	23940	0	0	0
27936	beaconhizkriguruk100	276	23940	0	0	0
27937	crossbowhizkrinpc	171	13410	0	0	0
27938	doorhizkri60	710	43164	0	0	0
27939	doorhizkri80	710	43164	0	0	0
27940	doorhizkri100	710	43164	0	0	0
27941	eyehizkri1	276	23940	0	0	0
27942	eyehizkri2	276	23940	0	0	0
27943	eyehizkri3	276	23940	0	0	0
27944	eyehizkri4	276	23940	0	0	0
27945	eyehizkrifake60	276	23940	0	0	0
27946	eyehizkrifake80	276	23940	0	0	0
27947	eyehizkrifake100	276	23940	0	0	0
27948	finnskigg	120	2684	1	0	1
27949	guardianhizkri	427	39036	0	0	0
27950	guardianhizkricorridor60	427	39036	0	0	0
27951	guardianhizkricorridor80	427	39036	0	0	0
27952	guardianhizkricorridor100	427	39036	0	0	0
27953	guardianhizkrihezhit	427	39036	0	0	0
27954	guardianhizkrijrvik	427	39036	0	0	0
27955	guardianhizkrirewards	427	39036	0	0	0
27956	guardianhizkriwell60	427	39036	0	0	0
27957	guardianhizkriwell80	427	39036	0	0	0
27958	guardianhizkriwell100	427	39036	0	0	0
27959	guardianhizkrizixki	427	39036	0	0	0
27960	macehizkrinpc	171	13410	0	0	0
27961	pillarhizkrialbarel	171	13410	0	0	0
27962	pillarhizkriau	171	13410	0	0	0
27963	pillarhizkrilogic	427	39036	0	0	0
27964	pillarhizkrilogicnull1	171	13410	0	0	0
27965	pillarhizkrilogicnull2	171	13410	0	0	0
27966	pillarhizkrilogicnull3	171	13410	0	0	0
27967	pillarhizkrirezarel	171	13410	0	0	0
27968	pillarhizkristar	171	13410	0	0	0
27969	portalhizkrinpc	171	13410	0	0	0
27970	sarcophagushizkrinpc	427	39036	0	0	0
27971	stoneitemhizkrinpc	171	13410	0	0	0
27978	burungurukbasher	100	80000	316	264	400
27979	burungurukbeast	115	125000	376	308	440
27980	burungurukbehemoth	135	250000	426	356	478
27981	burungurukboor	100	80000	326	275	408
27982	burungurukbrute	115	125000	386	318	450
27983	burungurukcolossus	135	250000	416	348	470
27984	burungurukcrusher	115	125000	356	294	432
27985	burungurukdestroyer	135	250000	396	330	454
27986	burungurukgorefiend	160	500000	426	368	492
27987	burungurukheavy	100	80000	346	288	424
27988	burungurukmiscreant	100	80000	336	282	416
27989	burunguruksmasher	115	125000	366	302	440
27990	burunguruktitan	160	500000	426	362	484
27999	zombiephantasmrestingplace	115	125000	295	232	397
28000	mosswartscavenger	115	125000	275	260	375
28001	mosswartscrounger	115	125000	280	249	370
28016	undeadtorturedattendantkey	105	35111	272	268	383
28017	undeadtorturedconsortkey	125	66737	317	276	408
28018	undeadtorturedpatriarchkey	145	86611	325	302	440
28039	virindiinquisitor	100	80000	300	250	390
28040	golemcoralceremonydisrupted	90	24691	235	200	340
28041	golemglacialceremonydisrupted	53	8527	180	155	290
28042	golemmagmaceremonydisrupted	85	21122	275	220	375
28043	golemplatinumceremonydisrupted	135	74050	300	265	429
28048	ghostspecter	80	30000	273	163	364
28049	golemancientcoral	115	125000	287	232	392
28050	golemancientcoralblue	115	125000	287	232	392
28051	golemancientcoralgreen	115	125000	287	232	392
28053	phyntoswaspwhiteswarm	85	20527	230	230	345
28054	darkmagusaerfalleuber	135	500000	371	288	441
28055	wispspectral	115	125000	333	205	430
28060	ghostgalaeralnpc	74	5222	130	182	120
28094	emissaryydnew	124	4341	1	0	1
28095	idolkingtoadminor	427	39036	0	0	0
28182	collectoralchemyalulow	5	221	1	0	1
28183	collectoralchemyghalow	5	221	1	0	1
28184	collectoralchemysholow	5	221	1	0	1
28185	collectorcookingalulow	5	221	1	0	1
28186	collectorcookingghalow	5	221	1	0	1
28187	collectorcookingsholow	5	221	1	0	1
28188	collectorfletchingalulow	5	221	1	0	1
28189	collectorfletchingghalow	5	221	1	0	1
28190	collectorfletchingsholow	5	221	1	0	1
28243	ghosthaunt	100	80000	290	220	397
28244	ghostphantom	100	80000	280	194	374
28245	ghostpoltergeist	115	125000	263	239	389
28246	ghostspirit	60	17500	173	159	292
28247	golemsapphire	115	125000	243	226	380
28248	phyntoswaspblack	80	30000	242	236	360
28249	phyntoswaspblackhive	90	24705	277	239	380
28250	phyntoswaspblackswarm	100	80000	277	239	380
28252	phyntoswaspfrenziedswarm	85	20527	230	230	345
28253	phyntoswaspgiant	100	80000	303	265	417
28254	phyntoswaspgianthive	110	38239	325	267	420
28255	phyntoswaspgiantswarm	115	125000	325	267	420
28258	maraebalarazo-xp	33	1060	1	0	1
28311	scrollacidprotectionnpc	171	13410	0	0	0
28312	scrollbladeprotectionnpc	171	13410	0	0	0
28313	scrollbludgeonprotectionnpc	171	13410	0	0	0
28314	scrollcoldprotectionnpc	171	13410	0	0	0
28315	scrollfireprotectionnpc	171	13410	0	0	0
28316	scrolllightningprotectionnpc	171	13410	0	0	0
28317	scrollpierceprotectionnpc	171	13410	0	0	0
28376	burungurukbehemothkiviklir	143	83119	426	356	478
28377	burungurukbrutekiviklir	123	61654	386	318	450
28378	burungurukdestroyerkiviklir	127	66021	396	330	454
28379	burungurukheavykiviklir	107	45453	346	288	424
28380	burunguruktitankiviklir	151	90436	426	362	484
28381	burunruukcoglock	115	160000	302	290	403
28382	burunruukglogluuk	130	218916	348	284	441
28383	burunruukloutkiviklir	95	26915	265	282	354
28384	burunruukplocagruuk	150	274905	333	308	444
28385	burunruukseerkiviklir	100	31711	322	241	404
28386	burunruukshamankiviklir	140	82693	404	302	468
28387	burunruuksoothsayerkiviklir	120	62120	371	283	439
28399	beaconkiviklirhaven	276	23940	0	0	0
28400	beaconkiviklirtrial	276	23940	0	0	0
28401	braceletkiviklirnpc	171	13410	0	0	0
28402	eyekiviklirhaven1	276	23940	0	0	0
28403	eyekiviklirhaven2	276	23940	0	0	0
28404	eyekiviklirhaven3	276	23940	0	0	0
28405	eyekiviklirhaven4	276	23940	0	0	0
28406	eyekiviklirtrial1	276	23940	0	0	0
28407	eyekiviklirtrial2	276	23940	0	0	0
28408	eyekiviklirtrial3	276	23940	0	0	0
28409	eyekiviklirtrial4	276	23940	0	0	0
28410	eyekiviklirtrialjump	276	23940	0	0	0
28411	eyekiviklirtriallogic	276	23940	0	0	0
28412	necklacekiviklirnpc	171	13410	0	0	0
28413	npcbackpackkiviklir	66	4517	0	0	0
28414	npcroyalguardtabbeth	120	2214	1	0	1
28415	offeringurnkiviklir	171	13410	0	0	0
28416	sarcophaguskiviklir	427	39036	0	0	0
28417	scrollcreaturemagicnpc	171	13410	0	0	0
28418	scrollitemmagicnpc	171	13410	0	0	0
28419	scrolllifemagicnpc	171	13410	0	0	0
28420	scrollmanaconversionnpc	171	13410	0	0	0
28421	scrollwarmagicnpc	171	13410	0	0	0
28422	statuekiviklirguardian60	427	39036	0	0	0
28423	statuekiviklirguardian80	427	39036	0	0	0
28424	statuekiviklirguardian100	427	39036	0	0	0
28425	statuekiviklirguardianantechamber	427	39036	0	0	0
28426	statuekiviklirguardianarena	427	39036	0	0	0
28427	statuekiviklirguardianexit	427	39036	0	0	0
28428	statuekiviklirguardiantrial	427	39036	0	0	0
28429	statuekiviklirtrialarena	427	39036	0	0	0
28430	vineportalkiviklir	710	43164	0	0	0
28443	burunguruktitanmorgluuk	151	90436	426	362	484
28444	burunruukfiendmorgluuk	115	56766	304	332	399
28445	burunruukmorgluukweak	200	5000000	365	325	402
28446	burunruukshamanmorgluuk	140	82693	404	302	468
28447	eggsburun	5	500	0	0	0
28448	eggsburunmorgluuk	5	500	0	0	0
28449	wallburunfortress	1	500	1	1	1
28472	aunfaranua	120	4294	75	90	60
28473	lugianspy	135	17763	2	0	2
28474	npcmorgluukwaitstopgap	68	4750	0	0	0
28475	royalguardalec	120	4341	1	0	1
28476	royalguardcoman	120	4341	1	0	1
28477	royalguardlifong	120	4341	1	0	1
28515	captainkrank	155	17763	2	0	2
28516	lugianwardengorak	135	17763	2	0	2
28551	crystaldualfragmentsparkling	100	80000	293	211	390
28552	crystalspur	60	17500	187	168	305
28553	grievverrufous	80	30000	258	222	360
28554	grievverspiked	60	17500	188	211	302
28555	monougaelder	50	10000	160	161	272
28556	shadowdevious	30	5000	73	87	146
28635	eaterinsatiable	160	500000	350	340	410
28636	eaterrabid	100	80000	260	305	375
28637	eaterravenous	135	250000	325	320	380
28638	eaterrepugnant	115	125000	270	310	380
28639	eatervoracious	100	80000	260	305	375
28640	eater	80	30000	250	210	250
28641	eaterabhorrent	115	125000	270	310	380
28642	eaterengorged	80	30000	230	265	350
28643	fiunderanged	100	80000	340	335	315
28644	fiunfrenzied	100	80000	240	295	315
28645	fiunhighmage	7	179	28	8	20
28646	fiunmaddened	40	7000	120	100	110
28647	fiunraving	80	30000	220	180	200
28648	fiun	7	179	28	8	20
28649	fiuncrazed	40	7000	225	250	250
28650	fiundemented	80	30000	320	330	350
28651	knightmercenary	80	30000	195	234	320
28652	knighttribune	135	250000	330	350	420
28653	knightviamontian	115	125000	300	274	400
28654	knightcommander	115	125000	300	274	400
28655	knighthand	200	1100000	285	385	360
28656	knightlord	160	500000	350	333	445
28657	knightmanatarms	100	80000	290	264	390
28658	penguinsycophantic	20	3500	65	70	75
28659	penguinuberhigh	240	1500000	130	95	295
28660	penguinuberlow	160	500000	150	235	360
28661	penguinubermid	220	1400000	135	100	300
28662	penguin	8	1000	35	50	40
28663	penguinarrogant	20	3500	60	65	70
28664	penguinaugmented	7	179	28	8	20
28665	penguinrebellious	15	2000	55	60	65
28666	ruschkslayer	40	7000	280	200	325
28667	ruschkvile	80	30000	350	260	400
28668	ruschkwarlord	100	80000	350	285	405
28669	ruschkbarbaric	20	3500	100	80	100
28670	ruschkfiend	50	10000	310	225	350
28671	ruschkshatterer	60	17500	350	260	385
28672	thrungusbutton	30	5000	75	85	145
28673	thrungusdeathcap	50	10000	126	140	224
28674	thrungusenoki	100	80000	230	230	375
28675	thrungusportobello	40	7500	90	100	160
28676	thrungusshiitake	20	3500	65	65	120
28677	thrungus	8	1000	20	20	50
28678	thrungusbeefsteak	60	17500	153	155	250
28679	sanamarpiersanti	259	161	0	0	0
28680	silyunrickard	247	161	0	0	0
28681	oolutangalug	248	161	0	0	0
28682	toutouujio	268	161	0	0	0
28683	hebiandia	245	161	0	0	0
28684	cragstonebrienne	253	161	0	0	0
28685	zaikhaldumida	266	161	0	0	0
28686	ayanbaqurrohula	199	161	0	0	0
28687	cragstonekris	261	161	0	0	0
28688	banditcastlealison	231	161	0	0	0
28689	zaikhalhusoon	212	161	0	0	0
28690	ayanbaqurerik	271	161	0	0	0
28691	fiunjoruush	10	161	0	0	0
28692	fiunluunere	237	161	0	0	0
28693	fiunruun	246	161	0	0	0
28694	fiunbayaas	211	161	0	0	0
28695	fiunriish	234	161	0	0	0
28696	fiunvasherr	243	161	0	0	0
28697	fiunnoress	229	161	0	0	0
28698	fiunrehlyun	275	161	0	0	0
28699	silyungrandmother	43	161	0	0	0
28701	elenadufurza	4	161	0	0	0
28703	fiunscorus	85	161	0	0	0
28705	sanamaranton	10	161	0	0	0
28707	collectorviamontian	5	161	0	0	0
28716	knightsirbellas	750	3500000	300	300	300
28747	femalenpctemplate	10	161	0	0	0
28748	malenpctemplate	10	161	0	0	0
28821	fiunmaddenedreasearchassistant	115	125000	225	215	215
28822	fiunmaddenedabayar	135	250000	265	235	250
28829	eatermarauder	100	80000	260	305	375
28836	silyunchefmartam	90	38	0	0	0
28837	penguincave	115	125000	100	270	190
28838	penguincavegreat	135	250000	110	285	200
28847	eaterravenousjawdropper	135	250000	325	320	380
28848	eaterinsatiablejawdropper	160	500000	350	340	410
28849	eaterengorgedjawdropper	80	30000	230	265	350
28850	eatervoraciousjawdropper	100	80000	260	305	375
28851	eaterabhorrentjawdropper	115	125000	270	310	380
28856	holtburgrenaldeldest	10	161	0	0	0
28857	shoushigonjokuden	10	161	0	0	0
28877	scarecrownasty	40	7000	100	110	100
28878	scarecrownaughty	50	10000	120	140	130
28879	scarecrownefarious	50	10000	135	160	150
28880	scarecrowvicious	79	13332	105	160	150
28881	scarecrowvile	70	11291	100	153	140
28882	scarecrowvillainous	85	15729	113	175	160
28917	collectoralchemyalumid	5	221	1	0	1
28918	collectoralchemyghamid	5	221	1	0	1
28919	collectoralchemyshomid	5	221	1	0	1
28920	collectorcookingalumid	5	221	1	0	1
28921	collectorcookingghamid	5	221	1	0	1
28922	collectorcookingshomid	5	221	1	0	1
28923	collectorfletchingalumid	5	221	1	0	1
28924	collectorfletchingghamid	5	221	1	0	1
28925	collectorfletchingshomid	5	221	1	0	1
28961	antiusblackmoorroads	126	4016	1	0	1
28962	bookroadsnuhmudiranpc	48	5228	0	0	0
28963	bustasheronnpc	427	39036	0	0	0
28964	bustkellinnpc	427	39036	0	0	0
28965	bustvalindnpc	427	39036	0	0	0
28966	corpseroadsnuhmudiranpc	8910	885432	1	0	1
28967	doorsanctumxiru	710	43164	0	0	0
28968	guardaudrey	115	5930	1	0	1
28969	hevkloz	500	131633	0	0	0
28970	jifloz	500	131633	0	0	0
28971	kirloz	500	131633	0	0	0
28972	nuhmudiraroads	275	14834	1	0	1
28973	portraitasheronnpc	8910	885432	1	0	1
28974	portraitavorennpc	8910	885432	1	0	1
28975	portraitgerainenpc	8910	885432	1	0	1
28976	statueaurlannanpc	427	39036	0	0	0
28977	statuelauallanalnpc	427	39036	0	0	0
28978	statueualannannpc	427	39036	0	0	0
28979	studentcamryn	126	5911	1	0	1
28980	urnroadsnuhmudiranpc	8910	885432	1	0	1
29006	burungurukmgrauleshk	600	12000000	373	320	460
29007	burunkukuurbroodu	999	25000000	17	135	75
29008	burunkukuurbrowerk	999	25000000	17	135	75
29009	burunkukuurkiree	999	25000000	17	135	75
29010	burunkukuurkreekun	999	25000000	17	135	75
29011	burunkukuurreeshan	999	25000000	17	135	75
29012	burunkukuurrehir	999	25000000	17	135	75
29035	doorchamberizjiqo	710	43164	0	0	0
29036	guardianizjiqogauntlet60	427	39036	0	0	0
29037	guardianizjiqogauntlet80	427	39036	0	0	0
29038	guardianizjiqogauntlet100	427	39036	0	0	0
29039	guardianizjiqotests60	427	39036	0	0	0
29040	guardianizjiqotests80	427	39036	0	0	0
29041	guardianizjiqotests100	427	39036	0	0	0
29042	npcmizjiqoraidstopgap	68	4750	0	0	0
29043	portalbeaconizjiqo	276	23940	0	0	0
29044	scrollhealthregennpc	171	13410	0	0	0
29045	scrollmanarenewalnpc	171	13410	0	0	0
29046	scrollstaminregennpc	171	13410	0	0	0
29052	ruschkfledgemaster	30	5000	200	180	220
29053	ruschkfledge	30	5000	200	180	220
29056	gatewayizjiqo	276	23940	0	0	0
29057	guardianizjiqorewards	427	39036	0	0	0
29217	guardianizjiqoentry	427	39036	0	0	0
29229	philosopherishaq	111	161	0	0	0
29296	thrungusporcini	30	5000	75	85	145
29297	thrungustruffle	60	17500	153	155	250
29298	thrungusmorel	8	1000	20	20	50
29299	thrunguscrimini	15	2000	35	35	80
29300	knightmagewarcaster	100	80000	175	200	250
29301	knightmagewarwizard	115	125000	230	250	260
29302	knightmagecounselor	115	125000	225	238	285
29303	knightmageroyalthaumaturge	135	250000	260	250	300
29304	knightmage	100	80000	225	230	285
29305	rayjoey	80	30000	255	235	370
29306	ratdeedee	80	30000	255	235	370
29307	eaterlola	80	30000	230	265	350
29308	knathnodnarb	100	80000	270	255	360
29309	knathdynra	100	80000	270	255	360
29310	knathddot	100	80000	270	255	360
29311	knathradnas	100	80000	270	255	360
29312	knathkram	80	30000	235	205	345
29313	knathsonja	100	80000	270	255	360
29314	knathbanry	80	30000	235	205	345
29315	knathdivda	80	30000	235	205	345
29316	knathrishc	80	23500	235	205	345
29317	academyguardexityaraq	9	154	0	0	0
29319	academyguardsentry	10	161	0	0	0
29323	academyguardcombatexit	10	161	0	0	0
29324	academyguardexitholtburg	9	154	0	0	0
29325	academyguardexitsanamar	9	154	0	0	0
29326	academyguardexitshoushi	9	154	0	0	0
29341	ruschkkartak	160	500000	390	310	450
29342	ruschklaktar	185	800000	420	330	396
29343	ruschkdraktehn	220	1400000	300	335	310
29344	ruschksadist	115	125000	355	285	415
29345	fiunmaniacal	115	125000	225	215	215
29346	ursuinpolar	100	80000	240	210	335
29347	carenzipolar	15	2000	40	50	75
29348	lugianbokrok	100	80000	330	250	380
29349	lugiankroktok	115	125000	360	280	402
29350	niffisehlyis	50	10000	155	140	270
29351	banderlingexplorer	100	80000	235	250	285
29352	armoredillopolardillo	20	3500	75	75	100
29353	mattekararctic	80	20000	175	265	315
29354	miteemissary	50	10000	160	160	261
29355	reedsharkfloe	160	500000	215	230	380
29356	golemglacialdamaged	40	7000	180	155	260
29357	golemglacialfractured	185	800000	551	230	290
29358	phyntoswaspwoodland	80	30000	242	236	360
29362	knightexecutioner	40	7000	125	150	140
29363	knighttorturer	20	1600	125	115	130
29395	knightquartermastersilver	100	80000	290	264	390
29396	knightbodyguardcopper	80	30000	195	234	320
29397	knightbodyguardgold	115	125000	300	274	400
29398	knightbodyguardplatinum	135	250000	330	350	420
29399	knightbodyguardsilver	100	80000	290	264	390
29400	knightcaptainargenne1	115	125000	300	274	400
29401	knightcaptainargenne2	115	125000	300	274	400
29402	knightcaptainaurachon1	135	250000	330	350	420
29403	knightcaptainaurachon2	7	179	28	8	20
29404	knightcaptainbalanchi1	180	500000	358	340	453
29405	knightcaptainbalanchi2	7	179	28	8	20
29406	knightcaptainramelle1	100	80000	290	264	390
29407	knightcaptainramelle2	7	179	28	8	20
29408	knightcastleguardcopper	80	30000	195	234	320
29409	knightcastleguardgold	115	125000	300	274	400
29410	knightcastleguardplatinum	135	250000	330	350	420
29411	knightcastleguardsilver	100	80000	290	264	390
29412	knightdoorkeepercopper	100	80000	290	264	390
29413	knightdoorkeepergold	115	125000	300	274	400
29414	knightdoorkeeperplatinum	160	500000	350	333	445
29415	knightdoorkeepersilver	115	125000	300	274	400
29416	knightgeneralcorcima1	200	1100000	285	385	360
29417	knightgeneralcorcima2	200	1100000	285	385	360
29418	knightinvadercopper	7	179	28	8	20
29419	knightinvadergold	7	179	28	8	20
29420	knightinvaderplatinum	7	179	28	8	20
29421	knightinvadersilver	7	179	28	8	20
29422	knightquartermastercopper	100	80000	290	264	390
29423	knightquartermastergold	115	125000	300	274	400
29424	knightquartermasterplatinum	160	500000	350	333	445
29469	knightroyalprisonwarden	115	125000	300	274	400
29489	knightkarlunsirbelfelor	80	11500	205	210	330
29490	knightkarlunsircoretto	80	11500	205	210	330
29491	knightkarlunguard-noagrro	80	11500	195	200	320
29505	redbulllascare	52	2479	2	0	2
29506	fiunmaddenedatavistic	80	27500	180	100	100
29507	fiunmaddenedcannibal	95	54000	180	100	100
29583	ghostfalatacotdefender	200	150000	370	284	460
29584	ghostfalatacotsentinel	85	22000	273	163	364
29695	clutchkingsprimarystopgap	15	307	1	0	1
29696	npcfontbalmy	171	13410	0	0	0
29697	npcfonthumid	171	13410	0	0	0
29698	npcfontmuggy	171	13410	0	0	0
29699	npcfontsteamy	171	13410	0	0	0
29700	npcfontwatcher	171	13410	0	0	0
29701	bloodpuzzlestatueanpc	710	43164	0	0	0
29702	bloodpuzzlestatuebnpc	710	43164	0	0	0
29703	bloodpuzzlestatuecnpc	710	43164	0	0	0
29704	broodustopgap	15	307	1	0	1
29705	gatewaybrooduexit	276	23940	0	0	0
29706	gatewaybroodugauntlet	276	23940	0	0	0
29707	gatewaybroodulair	276	23940	0	0	0
29708	gatewaybroodupuzzle	276	23940	0	0	0
29709	watcherliazkitzi	155	37102	290	220	397
29710	browerkstopgap	15	307	1	0	1
29711	crownbrowerkstopgap	15	307	1	0	1
29712	daiscrownbrowerk	171	13410	0	0	0
29713	daiscrownpassage	465	42772	0	0	0
29714	doorqinxikitnpc	710	43164	0	0	0
29715	eyebrowerk1	276	23940	0	0	0
29716	eyebrowerk2	276	23940	0	0	0
29717	eyebrowerk3	276	23940	0	0	0
29718	eyebrowerk4	276	23940	0	0	0
29719	fontbrowerkstopgap	15	307	1	0	1
29720	guardianqinxikitgauntlet	465	42772	0	0	0
29721	guardianqinxikitpuzzle	465	42772	0	0	0
29722	guardianqinxikitreward	465	42772	0	0	0
29723	heatfont1	171	13410	0	0	0
29724	heatfont2	171	13410	0	0	0
29725	heatfont3	171	13410	0	0	0
29726	heatfont4	171	13410	0	0	0
29727	portaldevicebrowerklair	276	23940	0	0	0
29728	portalentranceqinxikit	276	23940	0	0	0
29729	sarcophagusqinxikit	427	39036	0	0	0
29730	statuefontbrowerk	171	13410	0	0	0
29731	watcherqinxikit	155	37102	290	220	397
29732	gatewaykeerikexit	276	23940	0	0	0
29733	gatewaykeerikgauntlet	276	23940	0	0	0
29734	gatewaykeeriklair	276	23940	0	0	0
29735	gatewaykeerikpuzzle	276	23940	0	0	0
29736	keerikstopgap	15	307	1	0	1
29737	watcherhizkri	155	37102	290	220	397
29738	gatewaykireeexit	276	23940	0	0	0
29739	gatewaykireegauntlet	276	23940	0	0	0
29740	gatewaykireelair	276	23940	0	0	0
29741	gatewaykireepuzzle	276	23940	0	0	0
29742	kireestopgap	15	307	1	0	1
29743	watcherixirzi	155	37102	290	220	397
29744	gatewayreeshanexit	276	23940	0	0	0
29745	gatewayreeshangauntlet	276	23940	0	0	0
29746	gatewayreeshanlair	276	23940	0	0	0
29747	gatewayreeshanpuzzle	276	23940	0	0	0
29748	reeshanstopgap	15	307	1	0	1
29749	watcherizjiqo	155	37102	290	220	397
29750	gatewayrehirexit	276	23940	0	0	0
29751	gatewayrehirgauntlet	276	23940	0	0	0
29752	gatewayrehirlair	276	23940	0	0	0
29753	gatewayrehirpuzzle	276	23940	0	0	0
29754	reehirstopgap	15	307	1	0	1
29755	watcherkiviklir	155	37102	290	220	397
29756	memorygamebestowernpc	710	43164	0	0	0
29757	memorygameblueswordtob-npc	710	43164	0	0	0
29758	memorygameblueswordtofinish-npc	710	43164	0	0	0
29759	memorygamegreenspeartoc-npc	710	43164	0	0	0
29760	memorygamegreenspeartof-npc	710	43164	0	0	0
29761	memorygamepurpleaxetofinish-npc	710	43164	0	0	0
29762	memorygamepurpleaxetoh-npc	710	43164	0	0	0
29763	memorygameredmacetod-npc	710	43164	0	0	0
29764	memorygameredmacetog-npc	710	43164	0	0	0
29765	colorpuzzleanswernpc	710	43164	0	0	0
29766	rewardclutchbroodu	126	2214	1	0	1
29767	rewardclutchbrowerk	126	2214	1	0	1
29768	rewardclutchkeerik	126	2214	1	0	1
29769	rewardclutchkings	126	2214	1	0	1
29770	rewardclutchkiree	126	2214	1	0	1
29771	rewardclutchreeshan	126	2214	1	0	1
29772	rewardclutchrehir	126	2214	1	0	1
29773	shellswappernpc	710	161	0	0	0
29774	threebagsblacklabeledbagnpc	710	43164	0	0	0
29775	threebagsinstructionsnpc	710	43164	0	0	0
29776	threebagsmixedlabeledbagnpc	710	43164	0	0	0
29777	threebagswhitelabeledbagnpc	710	43164	0	0	0
29858	timarucrafterarenura	25	1203	1	0	1
29859	collectorarmortinkering	35	1080	1	0	1
29860	collectoritemtinkering	35	1080	1	0	1
29861	collectormagicitemtinkering	35	1080	1	0	1
29862	collectorweapontinkering	35	1080	1	0	1
29956	olthoisoldierperilbeneath	60	17500	180	220	300
29957	journalnuhmudiraroads	48	5228	0	0	0
30063	towncrierviafemale	18	376	1	0	1
30064	towncrierviamale	18	376	1	0	1
30266	sanamarstuven	8	161	0	0	0
30267	sanamarpaissen	13	161	0	0	0
30269	cragstonerobert	267	161	0	0	0
30270	hebianwis	253	161	0	0	0
30271	hebianrujen	266	161	0	0	0
30272	hebianyuo	211	161	0	0	0
30273	hebianri	185	161	0	0	0
30274	hebianbao	135	161	0	0	0
30275	hebianmilao	203	161	0	0	0
30276	cragstonejoshun	215	161	0	0	0
30277	cragstoneburrell	251	161	0	0	0
30278	cragstonelenor	244	161	0	0	0
30288	knightexecutioner-nofall	7	179	28	8	20
30289	knightcommander-nofall	115	125000	300	274	400
30290	knightviamontian-nofall	115	125000	300	274	400
30291	knighttribune-nofall	135	250000	330	350	420
30292	knighttorturer-nofall	7	179	28	8	20
30293	knightmercenary-nofall	7	179	28	8	20
30294	knightmanatarms-nofall	100	80000	290	264	390
30295	knightmagewarwizard-nofall	115	125000	230	250	260
30296	knightmagewarcaster-nofall	100	80000	175	200	250
30297	knightmageroyalthaumaturge-nofall	135	250000	260	250	300
30298	knightmagecounselor-nofall	115	125000	225	238	285
30299	knightmage-nofall	100	80000	225	230	285
30300	knightlord-nofall	7	179	28	8	20
30301	knighthand-nofall	7	179	28	8	20
30379	ratjoey	80	30000	250	235	365
30385	fiunoutpostgianni	98	161	0	0	0
30386	beachfortsuzuharasheshumi	37	174	0	0	0
30387	stoneholdsuzuharabaijin	47	701	0	0	0
30388	rithwiccarlodicenza	37	213	0	0	0
30389	niffisreijirinpc	276	1	76	74	44
30390	niffisfighterbluegreen	120	32106	220	180	269
30391	niffisfighterpinkpurple	120	32106	220	180	269
30434	silyunhonorguard	11	161	0	0	0
30435	silyunbeggar	11	161	0	0	0
30436	silyunmarlannessuno	11	161	0	0	0
30437	silyunsaccimijob	11	161	0	0	0
30438	silyunfratellonoribellarista	11	161	0	0	0
30439	silyunfratellodunonribellarista	11	161	0	0	0
30440	golemwater-nofall	8	1000	15	32	30
30441	phyntoswaspblue-nofall	8	1000	34	42	64
30442	wispwater-nofall	9	469	25	54	70
30443	crafterivoryviamontian	7	214	1	0	1
30444	leathercrafterviamontian	5	78	1	0	1
30447	virindidesecrator	135	250000	320	295	415
30448	virindicraftingforgessouth	134	664899	300	300	405
30449	virindicraftingforgeswest	185	1250000	300	350	405
30450	virindicraftingforgesnorth	104	425194	290	260	380
30460	craftingforgelockpick	239	20166	0	0	0
30461	craftingforgesalvaging	239	20166	0	0	0
30462	kerrakcraftingforges	72	1220	0	0	0
30463	urlegcraftingforges	72	1220	0	0	0
30464	amarothcraftingforges	72	1220	0	0	0
30465	craftingforgealchemy	239	20166	0	0	0
30466	craftingforgecooking	239	20166	0	0	0
30467	craftingforgefletching	239	20166	0	0	0
30479	holtburgalfrin	10	154	1	0	1
30490	drudgerobberbaron	15	2000	43	65	100
30507	marionettemadstar	26	2613	40	44	66
30509	philosophertanami	97	161	0	0	0
30547	silyunmasterarmorer	10	161	0	0	0
30548	knightroyalguardmelee	7	179	28	8	20
30549	knightroyalguardmagic	100	80000	290	264	390
30550	knightcastellancopper	135	250000	330	350	420
30551	knightcastellansilver	115	125000	300	274	400
30552	knightcastellangold	7	179	28	8	20
30553	knightcastellanplatinum	185	500000	358	340	453
30626	banderlingidol	239	20166	0	0	0
30627	cyphissuldow	60	161	0	0	0
30628	drudgeflyingmachine	5	87	0	0	0
30629	ayanbaquraludi	80	161	0	0	0
30635	banderlingspiritseekeremblem	95	16549	210	225	335
30636	banderlingspiritseekerring	95	16549	210	225	335
30637	banderlingspiritseekergem	95	16549	210	225	335
30638	banderlingspiritdancer	100	80000	210	225	335
30646	drudgelaborer	115	125000	275	260	375
30647	drudgeballast	115	125000	275	260	375
30648	drudgeaviator	115	125000	280	249	370
30649	drudgetoiler	115	125000	280	249	370
30680	drudgeseraphwithered	160	1500000	310	276	445
30681	drudgeseraphwitheredboss	160	1500000	310	276	445
30682	drudgemysticwithered	160	1500000	310	330	445
30683	banderlingheirophantwithered	160	1500000	327	350	444
30684	banderlingheirophantwitheredboss	160	1500000	327	350	444
30685	banderlingaggressorwithered	160	1500000	300	360	436
30686	tumerokwarmongerwithered	160	1500000	310	310	430
30687	tumerokreveredshamanwithered	160	1500000	320	295	430
30688	tumerokreveredshamanwitheredboss	160	1500000	320	295	430
30689	lugiantitanwithered	160	1500000	312	355	463
30690	lugiantitanwitheredboss	160	1500000	312	355	463
30691	lugianjuggernautwithered	160	1500000	335	355	463
30696	royalguardtirenia	245	14196	0	0	0
30706	lugianassaultbossurleg	95	149382	280	280	390
30707	lugianassaultbossamaroth	115	224688	315	295	415
30708	lugianassaultbosskerrak	135	304250	360	315	450
30709	lugianassaultbossshoktok	100	80000	230	230	330
30710	ghostpoltergeistassaultstamper	115	49000	263	239	389
30711	ghostrestlessspiritassaultstamper	135	57504	310	275	400
30712	ghostrestlessspirit	135	250000	310	275	400
30713	ghostspiritassaultstamper	70	15000	173	159	292
30714	ghostphantomassaultstamper	95	28000	280	194	374
30733	royalguardrayeesh	6	161	0	0	0
30754	banderlingchanter	100	80000	210	225	335
30755	acidelementalvirulence	135	250000	330	257	275
30756	grievverripper	135	250000	310	320	420
30757	phyntoswaspdiseased	135	250000	305	240	410
30758	royalguardassaultgha	22	106	0	0	0
30759	royalguardassaultalu	37	106	0	0	0
30760	royalguardassaultsho	31	106	0	0	0
30779	pvphatepillar80	10	1230	0	0	0
30780	pvphateeffigy20	10	1230	0	0	0
30781	pvphateeffigy40	10	1230	0	0	0
30782	pvphateeffigy60	10	1230	0	0	0
30783	pvphateeffigy80	10	1230	0	0	0
30784	pvphategatekeeper20	10	1230	0	0	0
30785	pvphategatekeeper40	10	1230	0	0	0
30786	pvphategatekeeper60	10	1230	0	0	0
30787	pvphategatekeeper80accursed	10	1230	0	0	0
30788	pvphategatekeeper80unholy	10	1230	0	0	0
30789	pvphatepillar20	10	1230	0	0	0
30790	pvphatepillar40	10	1230	0	0	0
30791	pvphatepillar60	10	1230	0	0	0
30824	lugianinfiltrationprisonernpc003	63	2681	0	0	0
30825	lugianinfiltrationprisonernpc004	74	2681	0	0	0
30826	lugianinfiltrationmysteriousnpc	247	37335	0	0	0
30827	lugianinfiltrationprisonernpc001	84	2681	0	0	0
30828	lugianinfiltrationprisonernpc002	91	2681	0	0	0
30834	portalbossinfiltration	115	200000	0	0	0
30835	lugianinfiltrationbossamaroth	115	224688	315	295	415
30836	lugianshadowseeker	100	80000	300	260	400
30837	lugianshadowinfiltrator	115	125000	315	295	415
30838	lugianshadowcommander	125	62481	340	295	435
30839	lugianinfiltrationbossurleg	115	224688	315	295	415
30840	lugianinfiltrationbossshoktok	115	224688	315	295	415
30851	eatervoraciousliveopspreactd	115	56419	260	305	375
30852	eaterliveopspreactd	80	30000	230	265	350
30853	eaterrepugnantliveopspreactd	115	125000	270	310	380
30854	knightmercenaryliveopspreactd	85	19525	195	280	320
30855	knighttribuneliveopspreactd	135	143486	330	370	420
30856	knightviamontianliveopspreactd	115	125000	300	274	400
30882	shadowbossmid0205	80	30000	235	205	345
30883	tuskerbossmid0205	80	30000	230	225	325
30884	monougabossmid0205	80	30000	266	220	361
30885	tumerokbossmid0205	80	30000	200	200	335
30886	tumerokbossuber0205	161	294349	310	310	430
30887	shadowbossuber0205	161	307276	335	250	455
30888	grievverbossuber0205	160	500000	310	320	420
30889	crystalshardbossuber0205	160	500000	374	250	464
30890	lugianbossuber0205	161	392931	335	355	463
30891	drudgebossuber0205	161	505811	310	276	445
30892	riftbossuber0205	160	500000	440	310	515
30893	marionettebossuber0205	155	687624	365	285	470
30894	mitebossuber0205	160	500000	265	340	405
30895	dollbossuber0205	160	500000	370	270	470
30896	margulbossuber0205	160	500000	287	285	420
30897	margulbigboss0205	185	900000	275	280	410
30898	banderlingbossmid0205	80	30000	175	225	290
30899	drudgebossmid0205	80	30000	185	195	250
30900	grievverbossmid0205	80	30000	244	240	255
30901	lugianbossmid0205	80	30000	240	235	375
30902	mumiyahbossmid0205	80	30000	300	239	400
30903	olthoiflyerbossmid0205	80	30000	225	245	330
30904	phyntoswaspbossmid0205	80	30000	242	236	360
30906	antiusblackmoorcarlodicenza	126	4016	1	0	1
30937	eaterswordswallower	80	30000	230	265	350
30974	thungusbabynpc2	5	1000	0	0	0
30975	thungusbabynpc3	5	1000	0	0	0
30976	thungusbabynpc4	5	1000	0	0	0
30977	thungusbabynpc5	5	1000	0	0	0
30978	thungusbabynpc6	5	1000	0	0	0
30980	thungusbabynpc1	5	1000	0	0	0
31002	lugiantukoraliuetenanthighyield	185	800000	440	375	463
31003	lugiantukoracommanderhighyield	220	1400000	465	375	483
31004	lugiantukorasentinelhighyield	185	800000	430	375	420
31005	olthoiripperhighyield	185	1100000	380	350	395
31006	olthoilarvaehighyield	115	120000	190	277	330
31007	olthoislasherhighyield	185	800000	360	315	350
31008	olthoilaceratorhighyield	185	800000	360	325	380
31009	mosswartworshipperhighyield	185	800000	420	320	460
31010	mosswartelderhighyield	185	800000	420	320	460
31011	virindidivinehighyield	185	354259	380	420	480
31012	ghosteidolonhighyield	160	500000	170	309	336
31013	skeletonwickedhighyield	160	500000	380	300	477
31014	skeletonnaughtyhighyield	160	500000	380	300	477
31015	mumiyahsentinelhighyield	160	500000	310	304	425
31016	phyntoswaspagitatedhighyield	160	500000	325	275	400
31017	zefirkirithighyield	105	500000	300	275	410
31018	grievverviolatorhighyield	160	500000	300	265	375
31019	eaterbloated	160	500000	250	310	400
31020	penguininsolent	185	400000	80	330	210
31021	thrunguspuffball	210	155000	310	250	500
31022	thrungusjelly	210	155000	310	250	500
31023	thrungusblackmorel	220	400000	320	265	510
31024	thrungusmudwort	185	120000	310	250	500
31025	thrungusfiremorel	220	400000	320	265	510
31027	antiusblackmoorzaikhaldefense	16	1682	0	0	0
31028	eaterbloatedsnowlily	160	500000	350	340	410
31029	penguininsolentsnowlily	185	400000	80	330	210
31030	thrungusmudwortsnowlily	185	120000	310	250	500
31040	ace31040-tursh	240	1850000	460	335	515
31163	ace31163-austin	20	2569	1	0	1
31220	ace31220-creaturename	185	354259	380	420	480
31225	ace31225-famishedeater	60	17500	215	255	330
31235	ace31235-burrowinggrievver	160	500000	300	265	375
31279	ace31279-bonescourge	160	500000	380	315	440
31280	ace31280-twistedshadow	160	500000	400	360	490
31281	ace31281-voidlord	135	75000	315	256	410
31282	ace31282-greatervoidlord	160	500000	315	256	410
31292	ace31292-viamontianmanatarms	100	80000	290	264	390
31312	ace31312-darling	160	500000	300	355	465
31313	ace31313-stomper	185	800000	310	360	425
31338	ace31338-gronkthehammer	160	500000	325	255	340
31339	ace31339-banditforger	160	500000	380	340	205
31361	ace31361-hardheadedskeleton	60	17500	60	110	150
31397	ace31397-xaaxiil	161	500000	287	285	420
31398	ace31398-penumbralhorror	160	500000	300	265	375
31399	ace31399-greaterpenumbralhorror	160	500000	300	265	375
31400	ace31400-ravenconscript	135	500000	300	280	330
31401	ace31401-ravenconscript	160	500000	432	280	464
31402	ace31402-ravenaugur	135	500000	290	270	320
31403	ace31403-ravenaugur	160	500000	340	270	520
31404	ace31404-ravenhunter	135	380000	300	280	330
31405	ace31405-ravenhunter	160	500000	350	280	510
31406	ace31406-archontraesis	160	500000	300	280	330
31407	ace31407-archongreis	160	500000	290	270	320
31408	ace31408-archoningfall	160	500000	300	280	330
31418	ace31418-obsidiansentientfragment	160	1500000	375	290	435
31422	ace31422-stomper	185	800000	310	360	425
31430	ace31430-ssavish	60	61341	0	0	0
31516	ace31516-witheredbanderlinghierophant	160	1500000	327	350	444
31517	ace31517-witheredraiderprefect	160	1500000	312	355	463
31572	ace31572-shadownightmare	135	250000	325	253	425
31696	ace31696-ruschkcampleader	115	125000	355	285	415
31697	ace31697-ruschkcampleader	115	125000	355	285	415
31702	ace31702-campblacksmith	50	425	2	0	2
31718	ace31718-higharchonkraest	160	500000	300	280	330
31827	ace31827-incendiaryknight	165	450000	395	205	410
31828	ace31828-glacialknight	165	450000	395	205	410
31829	ace31829-galvanicknight	165	450000	395	205	410
31830	ace31830-tenebrousknight	160	380000	267	230	200
31832	ace31832-causticknight	165	450000	395	205	410
31837	ace31837-remoransandstalker	160	500000	180	230	230
31849	ace31849-aggressiveswarm	160	850000	405	390	430
31876	ace31876-burlizk	160	10000000	300	279	285
31877	ace31877-undeadminion	160	800000	280	221	247
31897	ace31897-barbaricmukkir	185	800000	400	330	500
31898	ace31898-umbralmukkir	220	1400000	410	295	510
31901	ace31901-fanaticalmukkir	185	800000	400	330	500
31906	ace31906-remoransearaptor	185	865000	180	230	230
31907	ace31907-goldremoran	185	2000000	180	230	230
31908	ace31908-remoranraker	185	675000	180	230	230
31909	ace31909-shallowsgorger	160	500000	180	230	230
31910	ace31910-shallowsshredder	160	500000	180	230	230
31911	ace31911-goldshallowsshredder	160	1500000	180	230	230
31912	ace31912-muckymoarsman	160	500000	180	230	230
31913	ace31913-goldmoarsman	160	1500000	180	230	230
31914	ace31914-scummymoarsman	160	500000	180	230	230
31915	ace31915-grimymoarsman	160	500000	180	230	230
31919	ace31919-wavegolem	200	1100000	227	250	314
31920	ace31920-aqueousgolem	220	1400000	230	257	320
31921	ace31921-mosswartagitator	175	175000	420	320	460
31948	ace31948-doomedspirit	160	500000	170	309	336
32002	ace32002-ghastlypriestess	160	500000	200	220	245
32003	ace32003-wormfeast	160	500000	200	220	245
32004	ace32004-shamblingadherent	160	500000	200	220	245
32005	ace32005-soddencadaver	160	500000	200	220	245
32007	ace32007-highpriestessxikminru	750	200000	247	237	200
32033	ace32033-benekniffis	185	1400000	180	230	230
32034	ace32034-goldniffis	185	2000000	180	230	230
32035	ace32035-astisniffis	185	1400000	180	230	230
32120	ace32120-bloodmouthremoran	185	675000	180	230	230
32186	ace32186-pumpkinlord	60	17500	281	110	235
32203	ace32203-pumpkinkin	15	30	302	45	250
32221	ace32221-masteralizari	80	19250	195	234	320
32224	ace32224-mistresshalmera	115	38500	260	250	300
32227	ace32227-mistressgabille	125	77000	260	250	300
32230	ace32230-masterversario	135	150000	260	250	300
32295	ace32295-royalinquisitor	185	800000	270	250	280
32301	ace32301-nexuscommander	135	125000	100	316	378
32314	ace32314-engorgedeater	80	30000	175	215	300
32315	ace32315-famishedeater	60	17500	145	205	270
32316	ace32316-eater	80	30000	175	215	300
32322	ace32322-portalkeeper	160	500000	284	386	421
32324	ace32324-viamontianmage	100	80000	225	230	285
32327	ace32327-blockadeguard	100	80000	150	255	290
32328	ace32328-blockadeguard	80	30000	45	200	220
32329	ace32329-viamontianmercenary	80	30000	40	195	215
32333	ace32333-blockadeguard	115	125000	205	275	250
32398	ace32398-alchemywardenofforgetfulness	0	78	0	0	0
32400	ace32400-runwardenofforgetfulness	105	78	0	0	0
32401	ace32401-salvagingwardenofforgetfulness	105	78	0	0	0
32404	ace32404-heavyweaponswardenofforgetfulness	105	78	0	0	0
32407	ace32407-warmagicwardenofforgetfulness	105	78	0	0	0
32408	ace32408-weapontinkeringwardenofforgetfulness	105	78	0	0	0
32409	ace32409-arcanelorewardenofforgetfulness	105	78	0	0	0
32410	ace32410-armortinkeringwardenofforgetfulness	105	78	0	0	0
32411	ace32411-lightweaponswardenofforgetfulness	105	78	0	0	0
32412	ace32412-missileweaponswardenofforgetfulness	105	78	0	0	0
32413	ace32413-cookingwardenofforgetfulness	105	78	0	0	0
32415	ace32415-assesscreaturewardenofforgetfulness	105	78	0	0	0
32416	ace32416-creatureenchantmentwardenofforgetfulness	105	78	0	0	0
32418	ace32418-finesseweaponswardenofforgetfulness	105	78	0	0	0
32419	ace32419-deceptionwardenofforgetfulness	105	78	0	0	0
32420	ace32420-fletchingwardenofforgetfulness	105	78	0	0	0
32421	ace32421-healingwardenofforgetfulness	105	78	0	0	0
32422	ace32422-itemtinkeringwardenofforgetfulness	105	78	0	0	0
32423	ace32423-itemenchantmentwardenofforgetfulness	105	78	0	0	0
32424	ace32424-jumpwardenofforgetfulness	105	78	0	0	0
32425	ace32425-leadershipwardenofforgetfulness	105	78	0	0	0
32426	ace32426-lifemagicwardenofforgetfulness	105	78	0	0	0
32427	ace32427-lockpickwardenofforgetfulness	105	78	0	0	0
32428	ace32428-loyaltywardenofforgetfulness	105	78	0	0	0
32430	ace32430-magicdefensewardenofforgetfulness	105	78	0	0	0
32431	ace32431-magicitemtinkeringwardenofforgetfulness	105	78	0	0	0
32432	ace32432-manaconversionwardenofforgetfulness	105	78	0	0	0
32433	ace32433-meleedefensewardenofforgetfulness	105	78	0	0	0
32434	ace32434-missiledefensewardenofforgetfulness	105	78	0	0	0
32435	ace32435-assesspersonwardenofforgetfulness	105	78	0	0	0
32437	ace32437-magicdefensewardenofenlightenment	0	78	0	0	0
32438	ace32438-magicitemtinkeringwardenofenlightenment	0	78	0	0	0
32439	ace32439-manaconversionwardenofenlightenment	0	78	0	0	0
32440	ace32440-meleedefensewardenofenlightenment	0	78	0	0	0
32441	ace32441-missiledefensewardenofenlightenment	0	78	0	0	0
32442	ace32442-assesspersonwardenofenlightenment	0	78	0	0	0
32443	ace32443-runwardenofenlightenment	0	78	0	0	0
32446	ace32446-heavyweaponswardenofenlightenment	0	78	0	0	0
32449	ace32449-warmagicwardenofenlightenment	0	78	0	0	0
32450	ace32450-weapontinkeringwardenofenlightenment	0	78	0	0	0
32451	ace32451-alchemywardenofenlightenment	0	78	0	0	0
32452	ace32452-arcanelorewardenofenlightenment	0	78	0	0	0
32453	ace32453-armortinkeringwardenofenlightenment	0	78	0	0	0
32454	ace32454-lightweaponswardenofenlightenment	0	78	0	0	0
32455	ace32455-missileweaponswardenofenlightenment	0	78	0	0	0
32456	ace32456-cookingwardenofenlightenment	0	78	0	0	0
32457	ace32457-assesscreaturewardenofenlightenment	0	78	0	0	0
32458	ace32458-creatureenchantmentwardenofenlightenment	0	78	0	0	0
32460	ace32460-finesseweaponswardenofenlightenment	0	78	0	0	0
32461	ace32461-deceptionwardenofenlightenment	0	78	0	0	0
32462	ace32462-fletchingwardenofenlightenment	0	78	0	0	0
32463	ace32463-healingwardenofenlightenment	0	78	0	0	0
32464	ace32464-itemtinkeringwardenofenlightenment	0	78	0	0	0
32465	ace32465-itemenchantmentwardenofenlightenment	0	78	0	0	0
32466	ace32466-jumpwardenofenlightenment	0	78	0	0	0
32467	ace32467-leadershipwardenofenlightenment	0	78	0	0	0
32468	ace32468-lifemagicwardenofenlightenment	0	78	0	0	0
32469	ace32469-lockpickwardenofenlightenment	0	78	0	0	0
32470	ace32470-loyaltywardenofenlightenment	0	78	0	0	0
32471	ace32471-wardenofloweringendurance	0	78	0	0	0
32472	ace32472-wardenofraisingcoordination	0	78	0	0	0
32473	ace32473-wardenofraisingstrength	0	78	0	0	0
32474	ace32474-wardenofraisingquickness	0	78	0	0	0
32475	ace32475-wardenofraisingfocus	0	78	0	0	0
32476	ace32476-wardenofraisingself	0	78	0	0	0
32477	ace32477-wardenofraisingendurance	0	78	0	0	0
32478	ace32478-wardenofloweringcoordination	0	78	0	0	0
32479	ace32479-wardenofloweringstrength	0	78	0	0	0
32480	ace32480-wardenofloweringquickness	0	78	0	0	0
32481	ace32481-wardenofloweringfocus	0	78	0	0	0
32482	ace32482-wardenofloweringself	0	78	0	0	0
32483	ace32483-abominablesnowman	135	250000	36	10	32
32501	ace32501-shadowphantom	115	125000	310	243	410
32502	ace32502-shadowphantom	115	125000	310	243	410
32503	ace32503-shadowphantom	115	125000	310	243	410
32512	ace32512-underminer	135	250000	220	315	380
32513	ace32513-underminerleader	160	500000	330	267	410
32514	ace32514-yanshiswarmmatron	135	83000	370	320	460
32551	ace32551-servantofalteration	105	78	0	0	0
32552	ace32552-servantofforgetfulness	105	78	0	0	0
32553	ace32553-servantofenlightenment	105	78	0	0	0
32593	ace32593-falsemorelthrungus	135	250000	280	230	420
32688	ace32688-commanderjinzo	115	12500	275	300	350
32689	ace32689-whisperingbladeguard	115	12500	275	300	350
32690	ace32690-whisperingbladechamberlain	115	12500	275	300	350
32699	ace32699-mercenarymage	80	30000	210	210	315
32700	ace32700-viamontianportalmage	100	31500	225	230	330
32701	ace32701-captainiacolliadimari	80	30000	195	234	320
32702	ace32702-captainvietrelasallia	80	30000	195	234	320
32727	ace32727-ratking	40	7000	20	121	120
32734	ace32734-essenceofenchantment	425	4000000	127	250	150
32735	ace32735-essenceofartifice	425	4000000	127	250	150
32736	ace32736-essenceofverdancy	425	4000000	127	250	150
32737	ace32737-essenceofstrife	425	4000000	127	250	150
32738	ace32738-handofverdancy	160	1500000	118	250	242
32739	ace32739-handofstrife	160	1500000	118	250	242
32740	ace32740-handofenchantment	160	1500000	1	250	200
32741	ace32741-handofartifice	160	1500000	51	200	88
32755	ace32755-whisperingblademage	115	125000	270	250	280
32767	ace32767-viamontianfootman	60	30000	195	234	320
32768	ace32768-viamontianfootman	60	30000	195	234	320
32784	ace32784-shadowwraith	135	750000	315	248	415
32789	ace32789-shadownightmare	135	250000	391	170	328
32790	ace32790-twistedshadow	160	500000	400	360	490
32791	ace32791-twistedshadow	160	500000	400	360	490
32804	ace32804-theblackbreath	185	800000	80	200	90
32833	ace32833-escapedthief	115	125000	260	250	300
32923	ace32923-barbaricmukkirnestlord	185	318000	394	280	500
32929	ace32929-duskrabbit	135	250000	0	0	0
32930	ace32930-nightrabbit	100	80000	0	0	0
32931	ace32931-twilightrabbit	115	125000	0	0	0
32932	ace32932-sonofpooky	333	185500	350	280	510
32947	ace32947-childofacid	115	125000	328	270	402
32948	ace32948-childoffire	115	125000	328	270	402
32949	ace32949-childoffrost	115	125000	328	270	402
32950	ace32950-childoflightning	115	125000	328	270	402
32951	ace32951-reflectionoftheharbinger	160	1500000	200	250	380
32952	ace32952-ancientsteward	185	800000	380	210	420
32954	ace32954-foulmason	185	800000	380	210	420
32955	ace32955-wretchedarchitect	185	800000	380	210	420
32956	ace32956-heavybuilder	160	500000	400	261	445
33009	ace33009-shonossoarthesongkeeper	160	500000	350	250	280
33010	ace33010-kaihoataithemonitor	160	500000	350	250	280
33011	ace33011-parfarrailtheseer	160	500000	350	250	280
33033	ace33033-masonrygolem	185	800000	530	260	310
33037	ace33037-vilemukkir	185	800000	400	330	500
33038	ace33038-coruscatingmukkir	185	800000	400	330	500
33130	ace33130-mukkir	160	500000	400	330	430
33131	ace33131-mukkirlaktar	220	1400000	410	295	510
33132	ace33132-mukkirkartak	220	1400000	410	295	510
33133	ace33133-mukkirdraktehn	215	1400000	410	295	510
33139	ace33139-archonmerille	165	351024	290	200	200
33141	ace33141-ravenaugur	160	500000	340	270	520
33142	ace33142-ravenhunter	160	500000	350	280	510
33145	ace33145-dealith	160	5000000	300	196	252
33163	ace33163-captainfaalx	160	500000	400	323	440
33165	ace33165-shadowcyst	160	500000	350	250	445
33166	ace33166-isinduleslieutenant	160	470000	400	323	440
33167	ace33167-umbralsoldier	160	470000	400	323	440
33168	ace33168-panumbralsoldier	160	500000	335	258	264
33170	ace33170-lieutenantberaxis	160	470000	400	323	440
33171	ace33171-lieutenantshenza	160	470000	400	323	440
33172	ace33172-lieutenantyezusthule	160	470000	400	323	440
33174	ace33174-panumbralsoldier	160	500000	400	323	440
33175	ace33175-umbralsoldier	160	470000	400	323	440
33188	ace33188-divinerpheraion	160	500000	310	205	245
33190	ace33190-pheraionsguard	160	500000	290	270	320
33218	ace33218-childofverdancy	160	158000	305	198	230
33219	ace33219-essenceofenchantment	425	4000000	200	250	340
33220	ace33220-essenceofartifice	425	4000000	200	250	340
33221	ace33221-essenceofverdancy	425	4000000	200	250	340
33222	ace33222-essenceofstrife	425	4000000	200	250	340
33223	ace33223-childofstrife	160	158000	305	198	230
33224	ace33224-childofenchantment	160	158000	305	198	230
33225	ace33225-childofartifice	160	158000	305	198	230
33231	ace33231-harbinger	999	4000000	19	185	270
33263	ace33263-voidlord	135	75000	315	256	410
33285	ace33285-enragedancientsoul	185	800000	340	282	240
33286	ace33286-tormentedimperialconsort	185	800000	340	282	240
33458	ace33458-mukkiraspectofgrael	265	2500000	450	380	520
33464	ace33464-pontifexmaegris	161	307276	355	261	298
33466	ace33466-archmageaigonne	161	307276	335	251	288
33469	ace33469-keeperofthefirstdoor	161	307276	358	224	288
33471	ace33471-keeperoftheseconddoor	161	307276	335	251	288
33473	ace33473-taintedvivimancer	161	307276	335	251	288
33474	ace33474-taintedknight	161	307276	343	214	288
33513	ace33513-harrakthewhitespear	185	800000	290	180	196
33514	ace33514-vargolthescion	185	800000	400	330	500
33515	ace33515-broodling	160	500000	400	330	430
33531	ace33531-shadoweddy	160	500000	367	214	260
33538	ace33538-fanaticalmukkirwardguardian	185	800000	400	330	500
33539	ace33539-decayingruschklaktar	185	125000	355	285	415
33623	ace33623-biakamukkir	200	1100000	465	300	520
33624	ace33624-degeneratemukkir	185	800000	330	280	440
33625	ace33625-depravedmukkir	200	1100000	465	300	520
33626	ace33626-hellionmukkir	185	800000	330	280	440
33629	ace33629-fouledremoran	185	365000	380	311	272
33631	ace33631-degenerateshadowcommander	185	345000	501	262	580
33632	ace33632-degenerateshadow	185	200000	534	319	580
33633	ace33633-depravedshadowcommander	200	320000	512	264	600
33634	ace33634-depravedshadow	200	200000	539	367	610
33636	ace33636-glissnalsleech	185	388000	458	247	554
33639	ace33639-shamblingruschkchieftain	185	215000	411	349	472
33641	ace33641-soddenruschkchieftain	200	260000	399	347	468
33642	ace33642-soddenundeadruschk	200	200000	472	400	504
33698	ace33698-pillaroffire	100	125000	457	154	450
33702	ace33702-degenerateshadowcommander	185	345000	501	262	580
33703	ace33703-degenerateshadow	185	200000	534	319	580
33704	ace33704-degenerateshadowcommander	185	345000	501	262	580
33707	ace33707-depravedshadow	200	200000	539	367	610
33708	ace33708-depravedshadowcommander	200	320000	512	264	600
33709	ace33709-depravedshadow	200	200000	539	367	610
33730	ace33730-degenerateshadow	185	200000	534	319	580
33731	ace33731-depravedshadow	200	200000	539	367	610
33732	ace33732-degeneratemukkir	185	800000	330	280	440
33733	ace33733-depravedmukkir	200	1100000	465	300	520
33734	ace33734-soddenundeadruschk	200	200000	472	400	504
33735	ace33735-shamblingundeadruschk	185	200000	456	400	500
33736	ace33736-remorancorsair	185	250000	327	291	230
33737	ace33737-horridremoran	200	270000	397	309	528
33738	ace33738-listrissleech	200	315000	483	247	514
33739	ace33739-parfalsleech	185	290000	458	247	554
33748	ace33748-decayingruschksadist	115	125000	315	197	236
33798	ace33798-commanderjaredkurth	647	1650000	300	300	300
33799	ace33799-ruschkhaktar	135	250000	280	173	192
33804	ace33804-smallfledglingmukkir	30	5000	80	136	98
33831	ace33831-sawatobandit	160	500000	350	360	380
33844	ace33844-blackflame	160	250000	320	190	300
33897	ace33897-hastarthemisbegotten	185	500000	300	257	240
33898	ace33898-mukkirprogenitor	220	1400000	410	295	510
33971	ace33971-parasiticgrievver	160	500000	275	205	199
33972	ace33972-trapholegrievver	135	250000	237	153	185
34000	ace34000-oldscratchy	100	80000	305	300	405
34014	ace34014-tanadananjoushoujen	160	500000	470	295	520
34043	ace34043-afessesclavus	160	500000	358	197	255
34044	ace34044-illusclavus	185	800000	360	345	375
34045	ace34045-siessasclavus	135	250000	265	250	385
34046	ace34046-lunnum	185	300000	385	215	260
34047	ace34047-patriciankilkitris	161	500000	327	220	236
34048	ace34048-patricianphaerix	161	500000	327	220	236
34102	ace34102-oldzombie	60	17500	170	165	300
34254	ace34254-feralcarenzi	100	80000	218	250	335
34259	ace34259-donatellolinante	267	161	0	0	0
34295	ace34295-acolyteofbreath	115	125000	235	179	415
34296	ace34296-acolyteofstorms	115	125000	235	179	415
34297	ace34297-acolyteofwind	115	125000	235	179	415
34311	ace34311-essasoulharrier	100	80000	265	157	199
34312	ace34312-faisidisciple	80	30000	225	210	345
34313	ace34313-astesoulharrier	100	80000	265	157	199
34314	ace34314-chomudisciple	100	80000	245	220	365
34315	ace34315-soulhunter	100	80000	260	265	280
34327	ace34327-thralledgurukbeast	115	125000	250	179	198
34330	ace34330-thralledgurukcrusher	115	125000	250	179	198
34332	ace34332-thralledgurukheavy	100	80000	230	159	188
34334	ace34334-thralledguruksmasher	115	125000	250	179	198
34336	ace34336-thralledruukfiend	115	125000	295	159	228
34338	ace34338-thralledruukseer	100	125000	255	199	192
34561	ace34561-acolyteofbreath	115	125000	260	179	194
34562	ace34562-masterofbreath	115	125000	267	179	198
34563	ace34563-acolyteofstorms	115	125000	260	179	194
34564	ace34564-masterofstorms	115	125000	267	179	198
34565	ace34565-acolyteofwind	115	125000	260	179	194
34607	ace34607-stonefists	125	1000000	420	320	460
34612	ace34612-baktakthehumanslayer	100	30000	178	187	275
34613	ace34613-kerthumptheeartaker	100	30000	173	187	270
34614	ace34614-gladiatordiemos	135	250000	350	375	429
34617	ace34617-themaster	402	500000	350	375	450
34618	ace34618-disgracednanjoushoujen	160	500000	325	255	340
34620	ace34620-tremendousmonouga	999	10980993	365	390	480
34621	ace34621-killagurg	125	50000	420	320	460
34622	ace34622-demonswarmmatron	135	80000	298	277	366
34623	ace34623-azaxis	100	80000	300	295	450
34755	ace34755-matriarchmirtakir	185	800000	300	279	285
34778	ace34778-gurukbasher	100	80000	316	264	400
34779	ace34779-gurukbeast	115	125000	376	308	440
34780	ace34780-gurukbehemoth	135	250000	426	356	478
34781	ace34781-gurukboor	100	80000	326	275	408
34782	ace34782-gurukbrute	115	125000	386	318	450
34783	ace34783-gurukcolossus	135	250000	416	348	470
34785	ace34785-gurukdestroyer	135	250000	396	330	454
34786	ace34786-gurukfiend	160	500000	426	362	484
34787	ace34787-gurukgorefiend	160	500000	426	368	492
34788	ace34788-gurukhatchling	50	10000	326	275	408
34790	ace34790-gurukhulk	135	250000	406	334	462
34791	ace34791-gurukmarauder	80	30000	326	275	408
34793	ace34793-gurukmonstrosity	185	800000	426	362	484
34794	ace34794-gurukplunderer	80	30000	326	275	408
34795	ace34795-gurukpug	60	17500	326	275	408
34797	ace34797-guruksmasher	115	125000	366	302	440
34798	ace34798-guruksporeleech	200	1100000	426	362	484
34799	ace34799-guruksporeseeker	200	1100000	426	362	484
34801	ace34801-guruktitan	160	500000	426	362	484
34868	ace34868-babythrungus	8	1000	20	20	50
34869	ace34869-pallidmoar	15	2000	58	55	66
34970	ace34970-falatacotprisonwarden	185	800000	340	282	240
34971	ace34971-falatacotbloodprophetess	200	1100000	375	320	405
34972	ace34972-falatacotbloodelder	185	800000	327	234	236
34973	ace34973-falatacotconsort	115	125000	408	356	227
34974	ace34974-ancientcounselor	200	250000	340	251	264
34975	ace34975-laisusclavus	220	1400000	360	345	375
34976	ace34976-infusedempyreanbloodgolem	135	60000	326	243	385
34977	ace34977-infusedbloodgolem	185	800000	280	345	367
34978	ace34978-torturedspirit	185	600000	353	309	336
34979	ace34979-thralledgurukreaper	240	500000	426	179	297
34980	ace34980-thralledguruksporeseeker	185	1100000	426	362	484
35009	ace35009-generaltainkivix	185	800000	421	311	450
35013	ace35013-gateguardian	185	800000	445	321	485
35015	ace35015-gateguardian	185	800000	445	321	485
35017	ace35017-gateguardian	185	800000	445	321	485
35019	ace35019-gateguardian	185	800000	445	321	485
35021	ace35021-gateguardian	185	800000	445	321	485
35053	ace35053-thralledguruksporeleech	220	1100000	426	362	484
35054	ace35054-thralledgurukmonstrosity	185	1100000	380	362	365
35059	ace35059-hatredwisp	285	2200000	398	280	500
35089	ace35089-despairwisp	265	1950000	398	280	500
35090	ace35090-sorrowwisp	265	1950000	398	280	500
35091	ace35091-wight	220	1400000	520	345	370
35092	ace35092-wightcaptain	240	1850000	540	400	425
35093	ace35093-wightbladesorcerer	240	1850000	520	375	390
35097	ace35097-pyreskeleton	220	1400000	400	320	430
35098	ace35098-pyrechampion	265	2200000	450	320	460
35099	ace35099-pyreminion	200	1100000	400	320	410
35100	ace35100-graverat	135	250000	330	300	480
35115	ace35115-containedrift	50	10000	200	145	320
35116	ace35116-titaniumarmoredillo	160	500000	353	333	457
35117	ace35117-ravager	160	2400000	245	352	395
35118	ace35118-sentientcrystalshard	160	500000	374	250	464
35119	ace35119-crystalshardsentinel	160	500000	250	400	550
35121	ace35121-ravenouseater	155	250000	325	320	380
35122	ace35122-repugnanteater	125	125000	270	310	380
35123	ace35123-torturedspirit	220	6000000	170	309	336
35124	ace35124-crystallord	161	1400000	50	180	555
35126	ace35126-viamontianhand	185	1100000	285	385	360
35127	ace35127-adeptofacid	135	250000	260	250	300
35128	ace35128-adeptoffire	135	250000	260	250	300
35129	ace35129-adeptoffrost	135	250000	260	250	300
35130	ace35130-adeptoflightning	135	250000	260	250	300
35131	ace35131-viamontiantribune	135	250000	330	350	420
35132	ace35132-bokroklugian	100	80000	330	250	380
35133	ace35133-gotrokjuggernaut	115	250000	345	325	430
35134	ace35134-kroktoklugian	115	125000	360	280	402
35136	ace35136-mosswartagitator	175	175000	320	305	400
35137	ace35137-mosswartelder	185	800000	320	305	400
35138	ace35138-mosswartgladiator	235	800000	320	305	400
35139	ace35139-mosswartscavenger	115	125000	275	260	375
35140	ace35140-mosswartscrounger	115	125000	280	249	370
35141	ace35141-mosswartswamplord	100	80000	250	225	350
35142	ace35142-mukkirdraktehn	215	1300000	410	295	510
35143	ace35143-mukkirkartak	215	1300000	410	295	510
35144	ace35144-mukkirlaktar	215	1300000	410	295	510
35145	ace35145-umbralmukkir	215	1300000	410	295	510
35146	ace35146-olthoislayer	185	800000	360	325	380
35147	ace35147-olthoilarvae	185	120000	190	277	330
35148	ace35148-olthoiprogenitor	160	499196	130	243	325
35149	ace35149-olthoiripper	185	1100000	380	350	395
35150	ace35150-olthoislasher	185	800000	360	315	350
35151	ace35151-swarmdemon	200	1100000	10	115	200
35152	ace35152-uberpenguin	240	1400000	135	100	300
35153	ace35153-ruschkdraktehn	220	1400000	300	335	310
35154	ace35154-degenerateshadow	185	125000	534	319	580
35155	ace35155-degenerateshadow	185	125000	534	319	580
35156	ace35156-degenerateshadow	185	125000	534	319	580
35157	ace35157-depravedshadow	195	125000	539	367	610
35158	ace35158-parfalsleech	185	2000000	180	230	230
35159	ace35159-parfalsleech	185	2000000	180	230	230
35160	ace35160-annihilator	285	1850000	295	355	420
35161	ace35161-stomper	235	800000	310	360	425
35162	ace35162-enragedancientsoul	185	800000	340	282	430
35163	ace35163-inflamedursuin	240	500000	300	355	465
35164	ace35164-virindiparadox	240	4000000	300	315	425
35165	ace35165-virindiquidiox	200	4000000	300	295	420
35166	ace35166-infernalzefir	160	500000	310	325	432
35167	ace35167-kiritzefir	160	500000	300	275	410
35174	ace35174-highacolyteoftheblood	425	15000000	199	315	325
35175	ace35175-highacolyteofsacrifice	425	15000000	199	315	200
35176	ace35176-highacolyteofthespirit	425	15000000	133	315	290
35191	ace35191-thunderchicken	235	5000000	230	260	500
35252	ace35252-corrosionwisp	100	80000	265	230	370
35253	ace35253-cursedwisp	80	30000	250	225	355
35254	ace35254-firewisp	80	30000	200	165	295
35255	ace35255-stasiswisp	100	80000	275	215	370
35256	ace35256-strifewisp	80	80000	250	230	355
35268	ace35268-spectraldread	265	2500000	400	340	520
35270	ace35270-spectraldread	265	2500000	400	340	520
35273	ace35273-towerguardian	750	86000000	300	340	300
35305	ace35305-tukoracommander	220	1400000	465	375	483
35306	ace35306-tukoralieutenant	135	800000	440	375	463
35315	ace35315-acolyteofdecay	115	125000	260	179	415
35378	ace35378-lordcynreftmhoire	300	2200000	400	340	450
35389	ace35389-mosswarttownsfolk	80	30000	240	197	344
35393	ace35393-ladytairlamhoire	300	18000000	400	340	520
35400	ace35400-corrupteddread	220	1400000	405	340	520
35427	ace35427-drudgelurker	40	7000	70	96	200
35429	ace35429-drudgelurker	40	7000	70	96	200
35433	ace35433-drudgeprowler	8	1000	28	8	20
35436	ace35436-drudgeravener	80	30000	168	182	265
35437	ace35437-drudgerobber	8	1000	28	8	20
35440	ace35440-drudgeskulker	8	1000	5	5	15
35441	ace35441-drudgeslinker	8	1000	10	9	20
35442	ace35442-drudgesneaker	8	1000	10	9	20
35445	ace35445-drudgestalker	50	10000	85	142	225
35446	ace35446-drudgestalker	50	10000	85	142	225
35481	ace35481-watcherinthewarren	220	75000	343	315	373
35482	ace35482-watchersguard	135	50000	340	295	435
35498	ace35498-chick	7	50	60	20	60
35499	ace35499-chicken	8	50	60	20	60
35559	ace35559-tempestshadow	160	125000	387	243	190
35560	ace35560-thearchivist	185	4000000	300	315	425
35578	ace35578-drudgebiter	135	250000	305	295	400
35580	ace35580-drudgeballoon	115	125000	280	240	380
35662	ace35662-demonswarmclawbearer	135	80000	298	277	366
35666	ace35666-mastersacolyte	160	500000	325	275	340
35670	ace35670-guardianofdiemos	750	1750000	420	420	429
35731	ace35731-paradoxtouchedolthoievisceratorgrub	80	30000	250	220	315
35732	ace35732-paradoxtouchedolthoinoblegrub	80	30000	250	220	315
35733	ace35733-paradoxtouchedolthoievisceratornymph	115	125000	360	305	380
35734	ace35734-paradoxtouchedolthoiflyernymph	100	80000	340	240	400
35735	ace35735-paradoxtouchedolthoiwarriornymph	115	125000	350	315	410
35748	ace35748-giantimprisonedmonouga	999	60000000	267	283	200
35780	ace35780-ascendantdrudge	115	125000	280	249	370
35812	ace35812-paradoxtouchedolthoiwardguardian	265	2500000	460	380	420
35813	ace35813-paradoxtouchedolthoinoblenymph	115	125000	350	315	410
35830	ace35830-witheredbanderlingparagon	160	1500000	300	360	436
35831	ace35831-withereddrudgeseraphmystic	160	1500000	310	330	445
35832	ace35832-witheredraiderjusticar	160	1500000	335	355	463
35833	ace35833-witheredraiderprefect	160	1500000	312	355	463
35834	ace35834-witheredraiderprefect	160	1500000	312	355	463
35835	ace35835-witheredtranscendenttumerok	160	1500000	310	310	430
35859	ace35859-acolyteofthedepths	115	125000	260	179	415
35875	ace35875-paradoxtouchedolthoisentinel	265	2500000	460	380	420
35877	ace35877-paradoxtouchedolthoisentinel	265	2500000	460	380	420
35878	ace35878-paradoxtouchedolthoilacerator	185	500000	480	400	580
35879	ace35879-paradoxtouchedolthoiripper	200	1100000	520	420	620
35880	ace35880-paradoxtouchedolthoislasher	185	800000	520	420	620
35881	ace35881-paradoxtouchedolthoiswarmeviscerator	200	1100000	520	420	620
35882	ace35882-paradoxtouchedolthoieviscerator	160	500000	410	360	500
35883	ace35883-paradoxtouchedolthoilancer	160	500000	370	340	520
35884	ace35884-paradoxtouchedolthoinoble	160	500000	410	360	500
35885	ace35885-paradoxtouchedolthoiwarrior	160	500000	410	360	500
35888	ace35888-paradoxtouchedolthoiqueen	999	4000000	120	200	340
35939	ace35939-chainedtusker	185	800000	267	129	200
35940	ace35940-mudmouth	350	1850000	400	320	480
35941	ace35941-darkbobo	500	10000000	150	220	350
35954	ace35954-imp	185	800000	367	385	450
35983	ace35983-penumbralterror	160	500000	287	167	198
35985	ace35985-ashadowofblackferah	200	550000	352	188	251
35986	ace35986-ashadowoflerrhan	200	550000	352	188	251
35987	ace35987-shadowcaptain	185	470000	406	249	257
35988	ace35988-shadowcommander	200	500000	393	211	288
35989	ace35989-shadowknighthand	185	470000	358	164	265
35990	ace35990-penumbralshadowmage	185	470000	367	260	205
35991	ace35991-kiriennepalacost	160	600000	400	267	277
35993	ace35993-shadowsorceress	200	320000	367	260	205
36031	ace36031-umbriselitecommander	200	1100000	450	300	480
36032	ace36032-umbriselite	200	1100000	450	300	480
36033	ace36033-nightmarishdoll	160	500000	370	275	470
36034	ace36034-nightmarishmarionette	160	500000	365	285	470
36044	ace36044-claudethedarkarchmage	711	1615000	400	350	450
36112	ace36112-aunherbalist	95	80000	260	205	380
36172	ace36172-bloodcurserat	220	1400000	266	300	480
36173	ace36173-deathtail	300	18750000	330	300	480
36175	ace36175-pillarofacid	100	125000	457	154	450
36176	ace36176-pillaroffrost	100	125000	457	154	450
36177	ace36177-pillaroflightning	100	125000	0	0	0
36178	ace36178-harbinger	999	4000000	19	185	270
36216	ace36216-artifexoftheelements	240	4000000	300	315	425
36220	ace36220-verdancyproctor	160	500000	310	280	450
36221	ace36221-strifeproctor	160	500000	310	280	450
36222	ace36222-enchantmentproctor	160	500000	310	280	450
36223	ace36223-artificeproctor	160	500000	310	280	450
36443	ace36443-harvestreaper	160	1000000	380	315	440
36525	ace36525-pumpkinking	400	100000000	350	275	400
36526	ace36526-pumpkinkin	100	30	302	45	250
36527	ace36527-pumpkinvine	160	41633	315	250	410
36553	ace36553-shadowtouchedvirindiparadox	220	4000000	300	315	425
36554	ace36554-shadowtouchedvirindiquidiox	220	4000000	300	315	425
36597	ace36597-blighthollowminion	185	300000	370	310	450
36598	ace36598-paradoxsimulacrum	185	138000	280	320	320
36599	ace36599-paradoxsimulacrumwarmage	185	138500	310	320	320
36600	ace36600-demeraxthesculptor	240	1290000	300	405	425
36601	ace36601-labguardian	240	1290000	300	315	425
36644	ace36644-guardianoflinvaktukal	135	50000	340	295	435
36645	ace36645-abyssalshadowlugian	135	250000	370	220	355
36646	ace36646-shadowkresovus	160	500000	479	350	580
36647	ace36647-shadowkresovus	160	500000	479	350	580
36648	ace36648-shadowkresovus	160	500000	479	350	580
36649	ace36649-shadowkresovus	160	500000	479	350	580
36689	ace36689-lordkresovus	221	17763	2	0	2
36694	ace36694-lordkresovus	221	17763	2	0	2
36753	ace36753-lordkresovus	221	17763	2	0	2
36756	ace36756-cleaner	220	4000000	300	315	425
36773	ace36773-olthoisentineltracker	161	499196	210	271	340
36816	ace36816-banderlingaggressor	135	250000	233	131	180
36817	ace36817-direchampionbanderling	135	250000	233	131	180
36818	ace36818-banderlingpredator	115	125000	310	325	410
36819	ace36819-banderlingsavage	115	125000	230	129	178
36820	ace36820-banderlingscalper	115	125000	310	290	410
36821	ace36821-ascendantdrudge	115	65518	280	249	370
36822	ace36822-drudgebloodletter	135	250000	243	141	186
36823	ace36823-drudgecabalist	135	250000	243	141	186
36824	ace36824-direchampiondrudge	135	250000	243	141	186
36825	ace36825-peerlessdrudge	135	250000	243	141	186
36826	ace36826-unconquereddrudge	115	125000	275	260	375
36827	ace36827-acidiccoralgolem	100	80000	260	210	350
36828	ace36828-coralgolem	100	80000	235	190	340
36829	ace36829-acidicdiamondgolem	100	80000	310	240	390
36830	ace36830-diamondgolem	100	80000	260	212	357
36831	ace36831-direchampiongolem	115	100000	260	212	357
36832	ace36832-goldgolem	100	80000	256	205	354
36833	ace36833-pyrealgolem	100	80000	255	230	355
36834	ace36834-vaporgolem	115	125000	300	250	395
36835	ace36835-direchampionlugian	135	250000	340	325	435
36836	ace36836-raiderjuggernaut	135	250000	340	325	435
36837	ace36837-gotrokjuggernaut	135	250000	345	325	430
36838	ace36838-tiatusraider	115	125000	315	295	415
36839	ace36839-gotroktitan	135	250000	360	335	450
36840	ace36840-bloodthirstymonouga	100	80000	310	240	401
36841	ace36841-direchampionmonouga	115	80000	320	250	421
36842	ace36842-insidiousmonouga	115	80000	320	250	421
36843	ace36843-mercilessmonouga	100	80000	330	265	421
36844	ace36844-pugnaciousmonouga	100	80000	300	235	381
36845	ace36845-abyssalshadow	115	125000	295	230	390
36846	ace36846-direchampionshadow	160	750000	315	248	415
36847	ace36847-maelstromshadow	100	80000	280	220	365
36848	ace36848-pandemoniumshadow	80	30000	200	127	160
36849	ace36849-paroxysmshadow	100	80000	275	215	360
36850	ace36850-shadowphantom	115	125000	310	243	410
36851	ace36851-sinistershadow	100	80000	227	139	176
36852	ace36852-shadowspectre	115	125000	233	141	180
36853	ace36853-tenebrousshadow	100	80000	227	139	176
36854	ace36854-shadowwraith	135	750000	315	248	415
36855	ace36855-armoredskeleton	100	80000	250	210	360
36856	ace36856-skeletalchampion	100	80000	285	232	385
36857	ace36857-direchampionskeleton	115	80000	250	210	360
36858	ace36858-greatskeleton	100	80000	220	210	320
36859	ace36859-skeletalhero	115	125000	290	242	390
36860	ace36860-virindiadjudicator	115	125000	330	186	238
36861	ace36861-virindiconsul	135	250000	330	186	238
36862	ace36862-virindidesecrator	135	250000	340	204	244
36863	ace36863-direchampionvirindi	160	1500000	340	204	244
36864	ace36864-virindiprofane	100	80000	280	171	208
36865	ace36865-virindiprofatrix	115	125000	290	186	214
36918	ace36918-threeeyedsnowman	135	250000	267	157	200
36928	ace36928-shadeofbaelzharon	899	503834	433	200	220
36929	ace36929-thiefofdreams	185	1500000	300	295	420
36931	ace36931-dreammarauder	185	800000	300	295	420
36953	ace36953-drudgeprotector	185	250000	300	186	220
36954	ace36954-elementalprotector	160	250000	300	186	220
36955	ace36955-elementalprotector	160	250000	300	186	220
36956	ace36956-elementalprotector	160	250000	300	186	220
36957	ace36957-elementalprotector	160	250000	300	186	220
36960	ace36960-mosswartprotector	185	800000	300	186	320
36961	ace36961-olthoiprotector	185	500000	130	180	220
36963	ace36963-formlessshadow	160	500000	320	190	232
36964	ace36964-shadowprotector	185	500000	300	186	220
36967	ace36967-tuskerprotector	185	80000	300	186	220
36968	ace36968-virindiartificer	220	1400000	347	200	248
36969	ace36969-virindiartificer	220	1400000	347	200	248
36970	ace36970-virindiartificer	220	1400000	347	200	248
36972	ace36972-virindiprotector	711	500000	300	186	220
37082	ace37082-tanadasoroku	135	149500	445	395	455
37084	ace37084-tanadaburrowssapper	135	149500	445	395	455
37085	ace37085-tanadaburrowsenforcer	135	149500	445	395	455
37097	ace37097-shroudcabalnodeleech	135	156000	333	305	320
37098	ace37098-shroudcabalraider	115	125000	295	300	305
37099	ace37099-shroudcabalraidercaptain	115	125000	295	300	305
37100	ace37100-shroudcabalforager	80	30000	233	263	280
37101	ace37101-shroudcabalforagercaptain	80	30000	233	263	280
37177	ace37177-bloodpriestess	185	135000	576	170	149
37179	ace37179-imperialguard	185	800000	162	436	265
37180	ace37180-imperialarchivist	185	800000	240	316	274
37405	ace37405-blightedmirymoarsman	115	125000	270	220	375
37406	ace37406-blighteddesolationmoarsman	115	125000	332	282	432
37416	ace37416-blighteddesolationmoarsman	115	125000	332	282	432
37417	ace37417-blighteddisgustingmoarsman	80	30000	205	200	347
37418	ace37418-blightedgrimymoarsman	135	500000	180	230	230
37419	ace37419-blightedpallidmoarsman	20	3500	58	55	66
37420	ace37420-blightedputridmoarsman	100	80000	280	240	400
37421	ace37421-blightedrankmoarsman	40	7000	100	125	195
37452	ace37452-corrupteddread	220	1400000	405	340	520
37453	ace37453-corruptedmaiden	185	90000	383	270	249
37454	ace37454-spectraldread	265	2500000	400	340	520
37455	ace37455-forgegolem	135	250000	266	284	249
37456	ace37456-graverat	135	250000	330	300	480
37457	ace37457-pyrechampion	265	2200000	450	320	460
37458	ace37458-pyreminion	200	1100000	400	320	410
37459	ace37459-pyreskeleton	220	1400000	400	320	430
37460	ace37460-wightcaptain	240	1850000	540	400	425
37461	ace37461-wightbladesorcerer	240	1850000	520	375	390
37601	ace37601-blightspirit	135	250000	310	275	400
37604	ace37604-blightrat	135	250000	272	290	390
37606	ace37606-largeblightrat	135	250000	272	290	390
37608	ace37608-blightrevenant	135	250000	325	295	430
37609	ace37609-blightlictor	135	250000	325	295	430
38009	ace38009-knathnda	220	1400000	433	350	350
38010	ace38010-knathrajed	220	1400000	433	350	350
38011	ace38011-knathynda	220	1400000	433	350	350
38012	ace38012-knathmother	220	2000000	633	260	490
38014	ace38014-knathborret	220	1400000	433	350	350
38015	ace38015-knathcire	220	1400000	433	350	350
38016	ace38016-knathybot	220	1400000	433	350	350
38029	ace38029-elitezharalimagent	160	135000	220	255	300
38030	ace38030-falatacotbloodprophetess	200	1100000	375	320	405
38045	ace38045-hiroishigame	15	161	0	0	0
38076	ace38076-lostmenileshdenizen	185	640000	290	300	367
38144	ace38144-siabotthederanged	160	500000	283	280	350
38145	ace38145-lorfnetheunhinged	160	500000	283	280	350
38146	ace38146-vesthemad	80	30000	205	210	330
38147	ace38147-inkitanthecrazed	100	80000	225	230	350
38148	ace38148-cloywertheunstable	115	125000	225	230	350
38149	ace38149-despetheinsane	160	500000	225	230	350
38150	ace38150-blightedverdantmoarsman	160	500000	180	230	230
38176	ace38176-blightedhoaryarmoredillo	80	30000	223	232	326
38177	ace38177-blightedoakgolem	80	30000	230	207	320
38178	ace38178-blightedpyrealgolem	100	80000	255	230	355
38179	ace38179-blightedsotirishollowminion	40	30000	140	155	240
38180	ace38180-blightedbanegrievver	115	125000	230	139	178
38181	ace38181-blighteddireursuin	60	17500	140	165	275
38227	ace38227-shishaltibintjaffa	190	850000	0	0	0
38238	ace38238-kiko	200	1100000	0	0	0
38239	ace38239-kanjihatashiya	190	850000	0	0	0
38241	ace38241-kaymoribndumandi	220	1400000	0	0	0
38242	ace38242-lunbaldolicci	220	1400000	0	0	0
38243	ace38243-milosibnashud	220	1400000	0	0	0
38266	ace38266-jenthastrongarm	220	1400000	0	0	0
38267	ace38267-gavinhammerstone	200	1100000	0	0	0
38268	ace38268-chiyo	200	1100000	0	0	0
38269	ace38269-denadamorningthaw	220	1400000	0	0	0
38270	ace38270-boshisutadasuto	190	850000	0	0	0
38272	ace38272-dornbowspeaker	200	1100000	0	0	0
38273	ace38273-ualyabintmuyzal	190	850000	0	0	0
38274	ace38274-akahana	200	1100000	0	0	0
38275	ace38275-elesandratrembol	220	1400000	0	0	0
38276	ace38276-kotaroueda	190	850000	0	0	0
38278	ace38278-kyloshunterson	200	1100000	0	0	0
38279	ace38279-paylabintdumandi	190	850000	0	0	0
38280	ace38280-broodmother	200	1100000	425	385	400
38281	ace38281-broodmother	200	1100000	425	385	400
38282	ace38282-broodmother	200	1100000	425	385	400
38283	ace38283-broodmother	200	1100000	425	385	400
38286	ace38286-maguthmoarsman	200	1100000	430	385	400
38287	ace38287-mogshuthmoarsman	200	1100000	430	385	400
38291	ace38291-shoguthmoarsman	200	1100000	430	385	400
38293	ace38293-spawnwatcher	200	1100000	425	385	400
38295	ace38295-coraltower	300	4000000	1	1	1
38296	ace38296-coraltower	300	4000000	1	1	1
38297	ace38297-coraltower	300	4000000	1	1	1
38309	ace38309-istoniacharson	200	1100000	0	0	0
38330	ace38330-philoniusporbandar	200	1100000	0	0	0
38331	ace38331-gamrinightshade	200	1100000	0	0	0
38349	ace38349-blindkeeper	200	1100000	260	375	375
38351	ace38351-gatewatcher	200	1100000	180	230	230
38355	ace38355-listrissleech	200	315000	380	275	290
38360	ace38360-priorkothmox	200	1100000	260	375	375
38371	ace38371-aliciabladesworn	200	1100000	0	0	0
38372	ace38372-hizukitama	200	1100000	0	0	0
38373	ace38373-brizinnaducorcosi	200	1100000	0	0	0
38385	ace38385-tikchti	240	1400000	260	375	375
38386	ace38386-skithkirit	240	1400000	260	375	375
38402	ace38402-banditmanahunter	220	1400000	433	350	350
38403	ace38403-banditmanahunterboss	220	1400000	433	390	350
38406	ace38406-blessedmoar	220	1400000	280	380	367
38409	ace38409-blessedmoarsman	220	1400000	425	385	400
38411	ace38411-ashrisniffis	185	1400000	433	356	350
38412	ace38412-sclavusacolyteoftthuun	220	1400000	260	375	375
38432	ace38432-blightedardentmoarsman	220	1400000	425	385	400
38441	ace38441-sclavusacolyteoftthuun	220	1400000	360	345	375
38442	ace38442-sclavusacolyteoftthuun	220	1400000	360	345	375
38587	ace38587-ardentmoar	220	1400000	280	400	367
38588	ace38588-blessedmoar	220	1400000	280	400	367
38589	ace38589-verdantmoar	220	1400000	280	400	367
38590	ace38590-ardentmoarsman	220	1400000	180	230	230
38591	ace38591-verdantmoarsman	200	1100000	180	230	230
38592	ace38592-vaeshok	200	266000	260	246	375
38593	ace38593-falatacotconsort	135	250000	348	320	191
38594	ace38594-falatacotbloodprophetess	200	1100000	375	320	405
38629	ace38629-captainjoroshi	200	1100000	237	359	272
38630	ace38630-celestialhandscout	200	1100000	187	309	222
38631	ace38631-eldrytchwebscout	200	1100000	187	309	222
38632	ace38632-radiantbloodscout	200	1100000	187	309	222
38633	ace38633-assassin	200	1100000	187	309	222
38634	ace38634-benedino	200	1100000	237	359	272
38635	ace38635-captaindonnarion	200	1100000	237	359	272
38636	ace38636-captainharoush	200	1100000	237	359	272
38650	ace38650-blightedgrimymoarsman	200	1100000	430	385	400
38651	ace38651-blightedmuckymoarsman	200	1100000	430	385	400
38652	ace38652-blightedscummymoarsman	200	1100000	430	385	400
38713	ace38713-shamblingarchivist	240	1850000	490	310	340
38807	ace38807-corruptedpyreoak	300	18000000	400	340	520
38823	ace38823-eyestalkoftthuun	160	500000	380	330	480
38824	ace38824-tendriloftthuun	135	250000	330	250	400
38825	ace38825-tentacleoftthuun	160	500000	440	354	504
38826	ace38826-eyestalkoftthuun	160	500000	440	340	430
38827	ace38827-tendriloftthuun	135	250000	430	330	420
38828	ace38828-tentacleoftthuun	160	500000	440	340	430
38829	ace38829-eyestalkoftthuun	200	1100000	400	354	504
38830	ace38830-tendriloftthuun	185	800000	340	354	504
38831	ace38831-tentacleoftthuun	200	1100000	440	354	504
39007	ace39007-blighteddesolationmoarsman	115	125000	332	282	432
39009	ace39009-blighteddisgustingmoarsman	80	30000	205	200	347
39011	ace39011-blightedgrimymoarsman	135	500000	180	230	230
39013	ace39013-blightedpallidmoarsman	20	3500	58	55	66
39015	ace39015-blightedputridmoarsman	100	80000	280	240	400
39017	ace39017-blightedrankmoarsman	40	7000	100	125	195
39040	ace39040-tendriloftthuun	185	250000	330	250	400
39137	ace39137-moarsmanmarauder	220	125000	380	325	387
39140	ace39140-moarsmanmarauder	220	125000	380	325	387
39142	ace39142-moarsmanmarauder	220	125000	380	325	387
39143	ace39143-moarsmanmarauder	220	125000	380	325	387
39145	ace39145-moarsmanraider	160	120000	180	230	230
39146	ace39146-moarsmanraider	160	120000	180	230	230
39147	ace39147-moarsmanraider	160	120000	180	230	230
39149	ace39149-sclavusmarauder	220	1400000	260	375	375
39152	ace39152-sclavusmarauder	220	1400000	260	375	375
39155	ace39155-sclavusmarauder	220	1400000	260	375	375
39156	ace39156-sclavusmarauder	220	1400000	260	375	375
39157	ace39157-sclavusraider	185	800000	360	345	375
39158	ace39158-sclavusraider	185	800000	360	345	375
39161	ace39161-falatacotmarauder	200	1100000	375	320	405
39166	ace39166-falatacotmarauder	200	1100000	375	320	405
39167	ace39167-falatacotmarauder	200	1100000	375	320	405
39168	ace39168-falatacotmarauder	200	1100000	375	320	405
39171	ace39171-falatacotraider	185	615000	355	310	405
39174	ace39174-patriarchsexecutioner	200	615000	365	320	415
39182	ace39182-patriarchsexecutioner	200	615000	365	320	415
39193	ace39193-patriarchsexecutioner	200	615000	365	320	415
39196	ace39196-patriarchsexecutioner	200	615000	365	320	415
39342	ace39342-eyestalkoftthuun	160	500000	420	450	480
39344	ace39344-eyestalkoftthuun	160	500000	420	450	480
39345	ace39345-eyestalkoftthuun	160	500000	420	450	480
39450	ace39450-eyestalkoftthuun	160	500000	420	450	480
39452	ace39452-tentacleoftthuun	0	1100000	400	410	440
39455	ace39455-tentacleoftthuun	0	1100000	400	410	440
39479	ace39479-moarsmanguard	220	1400000	180	230	230
39480	ace39480-sclavusguard	220	1400000	260	375	375
39481	ace39481-falatacotguard	200	615000	365	320	415
39511	ace39511-scarecrowguard	80	25000	135	160	150
39512	ace39512-horridremoran	200	270000	397	309	528
40125	ace40125-crystallinewisp	110	125000	270	220	375
40126	ace40126-crystallinewisp	115	125000	270	220	375
40127	ace40127-shiveringcrystallinewisp	115	125000	270	220	375
40128	ace40128-corrodingcrystallinewisp	115	125000	270	220	375
40129	ace40129-voltaiccrystallinewisp	115	125000	270	220	375
40130	ace40130-crystallinewisp	110	125000	270	220	375
40131	ace40131-incalescentcrystallinewisp	115	125000	270	220	375
40132	ace40132-aggregatecrystallinewisp	115	125000	270	220	375
40134	ace40134-crystallinewisp	110	125000	270	220	375
40135	ace40135-corrodingpillar	100	80000	0	275	0
40136	ace40136-incalescentpillar	100	80000	0	275	0
40137	ace40137-shiveringpillar	100	80000	0	275	0
40138	ace40138-voltaicpillar	100	80000	0	275	0
40144	ace40144-blackcoralgolem	185	200000	300	300	400
40147	ace40147-blackcoralgolemviceroy	185	750000	391	220	240
40149	ace40149-blackcoralgolem	185	200000	529	296	368
40153	ace40153-blightedcoralgolem	200	220000	556	300	400
40254	ace40254-falatacotpatrol	200	615000	365	320	415
40255	ace40255-sclavuspatrol	220	1400000	260	375	375
40267	ace40267-ancientmagmagolem	220	1400000	383	373	370
40268	ace40268-sclavusacolyteoftthuun	220	1400000	260	375	375
40278	ace40278-sclavuspatrol	220	1400000	260	375	375
40281	ace40281-degeneratemukkir	185	800000	330	280	440
40282	ace40282-depravedmukkir	200	1100000	465	300	520
40283	ace40283-remorancorsair	185	250000	327	291	230
40284	ace40284-horridremoran	200	270000	397	309	528
40285	ace40285-listrissleech	200	315000	483	247	514
40286	ace40286-parfalsleech	185	290000	458	247	554
40287	ace40287-shamblingundeadruschk	185	200000	456	400	500
40289	ace40289-blackcoralgolem	185	200000	529	296	368
40290	ace40290-blightedcoralgolem	200	220000	556	300	400
40291	ace40291-degenerateshadow	185	200000	534	319	580
40292	ace40292-degenerateshadow	185	200000	534	319	580
40293	ace40293-degenerateshadow	185	200000	534	319	580
40294	ace40294-depravedshadow	185	200000	539	367	610
40295	ace40295-depravedshadow	200	200000	539	367	610
40296	ace40296-depravedshadow	185	200000	534	319	580
40297	ace40297-banditmanahunter	220	1400000	433	350	350
40298	ace40298-ardentmoar	220	1400000	280	380	367
40300	ace40300-blessedmoar	220	1400000	280	380	367
40301	ace40301-verdantmoar	220	1400000	280	380	367
40302	ace40302-blightedardentmoarsman	220	1400000	425	385	400
40303	ace40303-ardentmoarsman	220	1400000	425	385	400
40304	ace40304-blessedmoarsman	220	1400000	425	385	400
40305	ace40305-blightedverdantmoarsman	200	1100000	430	385	400
40306	ace40306-verdantmoarsman	200	1100000	425	385	400
40307	ace40307-ashrisniffis	185	1400000	433	356	350
40308	ace40308-giantjunglephyntoswasp	220	1400000	370	320	350
40310	ace40310-illusclavussoldier	240	1850000	360	345	375
40312	ace40312-sclavusacolyteoftthuun	220	1400000	260	375	375
40313	ace40313-sclavusacolyteoftthuun	220	1400000	260	375	375
40314	ace40314-sclavusacolyteoftthuun	220	1400000	260	375	375
40428	ace40428-intenseshiveringcrystallinewisp	115	125000	270	220	375
40429	ace40429-intenseaggregatecrystallinewisp	115	250000	270	220	375
40430	ace40430-intenseshiveringpillar	100	80000	0	275	0
40434	ace40434-intenseincalescentpillar	100	80000	0	275	0
40437	ace40437-intenseincalescentcrystallinewisp	115	125000	270	220	375
40461	ace40461-devonthecollector	185	800000	433	390	350
40465	ace40465-corruptedcoralgolem	200	1100000	400	350	400
40466	ace40466-corruptedcoralgolem	200	1100000	400	350	400
40467	ace40467-corruptedcoralgolem	200	1100000	400	350	400
40468	ace40468-deepsealavagolem	200	1100000	400	350	400
40469	ace40469-corruptedcoralgolem	200	1100000	400	350	400
40470	ace40470-greatdevourer	200	1100000	490	430	430
40471	ace40471-sandlurker	200	1100000	490	430	430
40472	ace40472-moarsmanadherentoftthuun	220	1400000	180	230	230
40473	ace40473-icthismoarsman	220	1400000	180	230	230
40474	ace40474-mithmogmoarsman	220	1400000	430	385	400
40475	ace40475-moarsmanpriestoftthuun	220	1400000	430	385	400
40476	ace40476-moarsmanprior	200	1100000	430	385	400
40477	ace40477-shuthismoarsman	220	1400000	180	230	230
40478	ace40478-magshuthmoarsman	200	1100000	430	385	400
40479	ace40479-maguthmoarsman	200	1100000	430	385	400
40480	ace40480-mogshuthmoarsman	200	1100000	430	385	400
40481	ace40481-moguthmoarsman	200	1100000	430	385	400
40482	ace40482-shogshuthmoarsman	200	1100000	430	385	400
40483	ace40483-shoguthmoarsman	200	1100000	430	385	400
40484	ace40484-intenseaggregatecrystallinewisp	115	250000	270	220	375
40492	ace40492-gotrokaetheriumminer	185	800000	345	325	330
40493	ace40493-gotrokminingforeman	185	900000	345	325	330
40495	ace40495-heaapostateshocktrooper	185	800000	310	310	430
40496	ace40496-heaapostatewarlord	185	800000	310	310	430
40498	ace40498-apostatemaster	220	4000000	300	315	425
40499	ace40499-apostateservant	200	1100000	340	209	244
40773	ace40773-intenseshiveringcrystallinewisp	135	250000	280	250	400
40774	ace40774-intenseincalescentcrystallinewisp	135	250000	280	250	400
40775	ace40775-ancientgolem	185	800000	530	260	310
40777	ace40777-intensevoltaiccrystallinewisp	135	250000	280	250	400
40778	ace40778-intensecorrodingcrystallinewisp	135	250000	280	250	400
40780	ace40780-progenitoroffrost	135	250000	280	250	400
40781	ace40781-progenitoroffire	135	250000	280	250	400
40783	ace40783-progenitorofshadow	135	250000	280	250	400
40784	ace40784-spectralprogenitor	135	250000	250	250	400
40786	ace40786-progenitoroflightning	135	250000	280	250	400
40787	ace40787-progenitorofacid	135	250000	280	250	400
40802	ace40802-apostatenexushollowminion	220	1400000	333	214	240
40803	ace40803-apostatenexusmaster	220	1400000	300	295	420
40812	ace40812-thugboss	220	1400000	433	390	350
40813	ace40813-thug	220	1400000	433	350	350
40861	ace40861-ancientgolem	185	800000	530	260	310
40864	ace40864-crystallinewisp	110	125000	270	220	375
40923	ace40923-boundspectralhandmaiden	215	1300000	400	340	520
40924	ace40924-boundpyrechampion	265	2500000	400	340	397
40925	ace40925-boundlightfalatacot	220	1400000	530	350	550
40926	ace40926-pyreskeleton	220	1400000	400	320	430
40927	ace40927-revenantlord	200	1100000	500	350	550
40928	ace40928-ladyaerfalle	730	500000	500	350	550
41005	ace41005-tthuunsclavushuntsmaster	240	1400000	260	375	375
41006	ace41006-trainedgreatdevourer	200	1100000	490	430	430
41032	ace41032-brownmouse	1	5	10	10	10
41034	ace41034-whitemouse	1	5	10	10	10
41180	ace41180-ardentmoarsman	220	1400000	425	385	400
41181	ace41181-verdantmoarsman	200	1100000	425	385	400
41182	ace41182-blessedmoarsman	220	1400000	425	385	400
41183	ace41183-largeardentmoarsman	220	1400000	425	385	400
41184	ace41184-largeblessedmoarsman	220	1400000	425	385	400
41185	ace41185-largeverdantmoarsman	200	1100000	425	385	400
41190	ace41190-apostateexcavationmaster	220	1115000	300	315	425
41191	ace41191-apostateexcavationforeman	220	1115000	300	315	385
41193	ace41193-apostatesapper	220	1115000	300	309	325
41224	ace41224-ironbladelieutenant	512	1845000	417	256	290
41228	ace41228-ironbladearrivalguard	185	370000	358	200	255
41229	ace41229-apostatereavingmaster	220	1400000	343	375	425
41231	ace41231-reaversimulacrum	185	800000	280	320	320
41515	ace41515-anframmellow	271	161	0	0	0
41516	ace41516-neelanashua	231	161	0	0	0
41518	ace41518-emilyyarow	244	161	0	0	0
41526	ace41526-alishiabintaldan	199	161	0	0	0
41527	ace41527-invadingbronzegauntletknight	185	800000	440	430	440
41529	ace41529-invadingcoppercogknight	185	800000	440	430	440
41530	ace41530-invadingironbladeknight	185	800000	440	430	440
41531	ace41531-invadingsilverscopeknight	185	800000	440	430	440
41532	ace41532-invadingbronzegauntletphalanx	135	250000	310	330	310
41533	ace41533-invadingcoppercogphalanx	135	250000	310	330	310
41534	ace41534-invadingironbladephalanx	135	250000	310	330	310
41535	ace41535-invadingsilverscopephalanx	135	250000	310	330	310
41536	ace41536-invadingbronzegauntletsquire	160	500000	340	350	340
41537	ace41537-invadingcoppercogsquire	160	500000	340	350	340
41538	ace41538-invadingironbladesquire	160	500000	340	350	340
41539	ace41539-invadingsilverscopesquire	160	500000	340	350	340
41551	ace41551-ironbladeoverseer	300	18000000	440	430	440
41552	ace41552-invadingironbladecommander	185	800000	440	430	440
41572	ace41572-bronzegauntlettrooper	80	30000	320	170	320
41573	ace41573-coppercogtrooper	80	30000	320	170	320
41574	ace41574-goldgeartrooper	80	30000	320	170	320
41575	ace41575-ironbladetrooper	80	30000	320	170	320
41576	ace41576-silverscopetrooper	80	30000	320	170	320
41577	ace41577-coppercogguardian	80	20875	320	170	320
41578	ace41578-goldgearguardian	80	20875	320	170	320
41579	ace41579-goldgearguardian	80	20875	320	170	320
41580	ace41580-ironbladeguardian	80	20875	320	170	320
41581	ace41581-silverscopeguardian	80	20875	320	170	320
41582	ace41582-bronzegauntletguardian	80	20875	320	170	320
41583	ace41583-coppercoglesserlord	80	20875	320	170	320
41584	ace41584-goldgearlesserlord	80	20875	320	170	320
41585	ace41585-goldgearlesserlord	80	20875	320	170	320
41586	ace41586-ironbladelesserlord	80	20875	320	170	320
41587	ace41587-silverscopelesserlord	80	20875	320	170	320
41588	ace41588-bronzegauntletlesserlord	80	20875	320	170	320
41741	ace41741-twohandedcombatwardenofenlightenment	0	78	0	0	0
41743	ace41743-twohandedwardenofforgetfulness	105	78	0	0	0
41796	ace41796-phyntoslarva	20	3500	190	277	330
41797	ace41797-killerphyntosdrone	200	1100000	220	300	220
41799	ace41799-killerphyntosqueen	245	1850000	220	300	220
41800	ace41800-killerphyntossoldier	215	1300000	220	300	220
41801	ace41801-killerphyntosswarm	185	800000	430	380	430
41834	ace41834-fortcommander	200	1100000	0	0	0
41838	ace41838-fortcommander	200	1100000	0	0	0
41840	ace41840-fortcommander	200	1100000	0	0	0
41842	ace41842-reinforcementsoldier	215	1300000	395	311	350
41850	ace41850-moarsmanattacker	200	1100000	430	385	400
41851	ace41851-sclavusattacker	220	1400000	260	375	375
41935	ace41935-lordhendrel	270	1000000	520	395	370
41937	ace41937-ladysaliane	225	700000	400	340	520
41938	ace41938-lordtrimere	270	5000000	400	340	397
41959	ace41959-guardianstatue	220	1400000	340	300	420
41961	ace41961-corrupteddread	220	1400000	405	340	520
41963	ace41963-pyreskeleton	220	1400000	400	320	430
41964	ace41964-pyrechampion	265	2200000	450	320	460
41965	ace41965-pyreminion	200	1100000	400	320	410
41966	ace41966-wight	220	1400000	520	345	370
41967	ace41967-wightbladesorcerer	240	1850000	520	375	390
41968	ace41968-wightcaptain	240	1850000	540	400	425
41970	ace41970-hatredwisp	285	2200000	398	280	500
41971	ace41971-sorrowwisp	265	1750000	398	280	500
42025	ace42025-wightcaptain	240	1850000	540	400	425
42026	ace42026-wightbladesorcerer	240	1850000	520	375	390
42037	ace42037-crafterofgreatblades	60	2213	1	0	1
42205	ace42205-cutthroat	40	10000	144	164	228
42228	ace42228-operationsspecialist	200	1100000	132	170	149
42237	ace42237-operationsspecialist	200	1100000	132	170	149
42246	ace42246-operationsspecialist	200	1100000	132	170	149
42280	ace42280-commander	265	2500000	370	350	380
42282	ace42282-commander	265	2500000	370	350	380
42335	ace42335-operationsaid	200	1100000	132	170	149
42336	ace42336-operationsaid	200	1100000	132	170	149
42337	ace42337-operationsaid	200	1100000	132	170	149
42338	ace42338-hoarfrost	185	800000	400	320	350
42367	ace42367-invadingbronzegauntletknight	185	800000	440	430	440
42368	ace42368-invadingcoppercogknight	185	800000	440	430	440
42369	ace42369-invadingironbladeknight	185	800000	440	430	440
42370	ace42370-invadingsilverscopeknight	185	800000	440	430	440
42371	ace42371-invadingbronzegauntletsquire	160	500000	340	350	340
42372	ace42372-invadingcoppercogsquire	160	500000	340	350	340
42373	ace42373-invadingironbladesquire	160	500000	340	350	340
42374	ace42374-invadingsilverscopesquire	160	500000	340	350	340
42439	ace42439-sclavusacolyteoftthuun	220	1400000	260	375	375
42440	ace42440-sclavusacolyteoftthuun	220	1400000	260	375	375
42441	ace42441-sclavusacolyteoftthuun	220	1400000	260	375	375
42605	ace42605-gearhunter	185	139000	380	360	380
42606	ace42606-gearhuntermage	185	139000	175	236	244
42607	ace42607-gearhunter	185	139000	380	360	380
42668	ace42668-intensecorrodingcrystallinewisp	115	125000	265	230	355
42670	ace42670-shiveringcrystallinewisp	115	125000	275	215	355
42671	ace42671-intenseincalescentcrystallinewisp	135	250000	250	230	355
42727	ace42727-wightkidnapper	240	1850000	360	395	367
42922	ace42922-waterelemental	135	150500	390	270	402
43081	ace43081-apostatevirindiaggressor	220	4000000	300	315	425
43082	ace43082-apostatevirindiaggressor	100	80000	300	230	370
43083	ace43083-apostatevirindiaggressor	135	250000	320	295	415
43124	ace43124-jinkyong	200	1100000	0	0	0
43125	ace43125-chunhei	200	1100000	0	0	0
43158	ace43158-xekritzefirguardian	185	800000	290	275	417
43159	ace43159-xekritzefir	185	800000	290	275	417
43160	ace43160-disgustwisp	200	1100000	317	170	280
43161	ace43161-spiritwisp	200	1100000	367	200	380
43162	ace43162-zombiemage	185	800000	400	180	367
43163	ace43163-frostgolem	200	1100000	450	375	450
43165	ace43165-banderlingsmasher	185	800000	435	300	480
43166	ace43166-graverat	135	250000	330	300	480
43203	ace43203-apostatenexusmaster	220	1400000	300	295	420
43204	ace43204-apostatenexusmaster	220	1400000	300	295	420
43205	ace43205-apostatenexusmaster	220	1400000	300	295	420
43206	ace43206-apostategranddirector	620	2400000	340	350	440
43214	ace43214-apostatevirindiexecutor	160	530000	300	295	420
43216	ace43216-subvertedbronzegauntletknight	185	848000	440	430	440
43217	ace43217-subvertedcoppercogknight	185	848000	440	430	440
43218	ace43218-subvertedironbladeknight	185	848000	440	430	440
43219	ace43219-subvertedsilverscopeknight	185	848000	440	430	440
43220	ace43220-apostatevirindiinquisitor	160	530000	300	295	420
43221	ace43221-apostateriftaggressor	160	500000	430	305	505
43222	ace43222-apostatevirindiexecutor	160	530000	300	295	420
43223	ace43223-apostatevirindiinquisitor	160	530000	300	295	420
43227	ace43227-virindimonitor	200	1100000	290	200	445
43251	ace43251-armoredguardian	265	1400000	400	340	397
43252	ace43252-undeadcommander	185	1250000	370	290	520
43260	ace43260-apostatenexusmaster	220	1400000	400	395	420
43262	ace43262-apostatenexusguardian	220	1400000	400	395	420
43269	ace43269-undeadcommander	185	1250000	370	290	520
43270	ace43270-filinuvektahieromancer	425	1850000	420	340	540
43271	ace43271-filinuvektaexarch	425	1850000	420	340	540
43272	ace43272-engorgedbloodstone	200	80000	400	340	540
43391	ace43391-gurogminion	200	1100000	380	310	377
43392	ace43392-guroghenchman	220	1400000	380	320	400
43393	ace43393-gurogsoldier	220	1400000	470	320	420
43394	ace43394-guroghenchman	220	1400000	380	320	400
43395	ace43395-gurogminion	200	1100000	380	310	377
43396	ace43396-gurogsoldier	220	1400000	470	320	420
43399	ace43399-voidmagicwardenofenlightenment	0	78	0	0	0
43401	ace43401-voidmagicwardenofforgetfulness	105	78	0	0	0
43411	ace43411-hazegolem	160	500000	460	239	246
43413	ace43413-voltaicgolem	160	500000	460	239	281
43414	ace43414-hardenedobsidiangolem	160	500000	460	219	281
43415	ace43415-moltengolem	160	500000	460	220	280
43485	ace43485-banderlingcrusher	185	800000	390	340	410
43486	ace43486-burrowinggrievver	160	500000	300	265	375
43487	ace43487-grievverviolator	160	500000	300	265	375
43488	ace43488-banderlingsmasher	185	800000	435	300	480
43516	ace43516-gurogsoldier	220	1400000	470	320	420
43532	ace43532-battlelordgregor	425	1000000	380	300	377
43592	ace43592-snowtusker	240	1100000	380	460	405
43593	ace43593-snowtuskerwarrior	240	1400000	390	470	415
43594	ace43594-snowtuskerleader	240	1850000	400	500	425
43689	ace43689-frozenwightcaptain	240	1850000	360	395	367
43690	ace43690-frozenwight	220	1400000	400	345	367
43691	ace43691-frozenwightsorcerer	240	1400000	360	395	367
43697	ace43697-olthoigrub	20	1156	130	150	60
43698	ace43698-olthoinymphgrub	8	226	30	40	50
43699	ace43699-olthoisoldiergrub	20	3600	90	110	200
43700	ace43700-olthoievisceratorgrub	25	18222	290	240	365
43706	ace43706-frostgolem	200	1100000	450	375	450
43733	ace43733-snowtusker	200	1100000	310	360	425
43734	ace43734-snowtuskerleader	240	1850000	400	500	425
43741	ace43741-archmageichihiri	275	516	1	0	1
43743	ace43743-bloodstone	260	3000000	369	370	440
43746	ace43746-ghostofgalaeral	74	5222	130	182	120
43756	ace43756-followerofdeewain	220	7000	383	257	270
43761	ace43761-chargeddefender	220	1400000	383	367	370
43762	ace43762-chilleddefender	220	1400000	383	257	270
43763	ace43763-fierydefender	220	1400000	383	373	370
43774	ace43774-missiledefender	200	1140000	300	265	429
43781	ace43781-irongolem	350	7000	383	257	270
43783	ace43783-rock	200	7000	383	257	270
43784	ace43784-followerofdeewain	220	7000	383	257	270
43795	ace43795-chargeddefender	220	1400000	383	367	370
43796	ace43796-chilleddefender	220	1400000	383	377	370
43797	ace43797-fierydefender	220	1400000	383	333	353
43800	ace43800-bloodstoneshard	240	1850000	360	345	460
43821	ace43821-frozenwightcaptain	240	1850000	360	395	367
43822	ace43822-frozenwight	220	1400000	400	345	367
43823	ace43823-frozenwightsorcerer	240	1400000	360	395	367
43854	ace43854-panumbrisshadow	240	1850000	532	363	590
43855	ace43855-panumbrisshadow	240	1850000	532	363	590
43856	ace43856-panumbrisshadow	240	1850000	532	363	590
43857	ace43857-shadowchild	240	1850000	532	363	590
43863	ace43863-panumbrisshadow	240	1850000	532	363	590
43899	ace43899-voidlord	240	1850000	540	335	606
44015	ace44015-guardianarmoredillo	220	1400000	440	450	450
44016	ace44016-guardianarmoredillo	220	1400000	440	420	450
44017	ace44017-tamedarmoredillo	240	1400000	500	425	460
44018	ace44018-tamedarmoredillo	240	1400000	500	425	460
44019	ace44019-wararmoredillo	265	1850000	520	430	470
44020	ace44020-wararmoredillo	265	1850000	520	430	470
44021	ace44021-baktshay	200	1100000	250	240	450
44022	ace44022-baktshay	200	1100000	250	240	450
44023	ace44023-baktshayguard	200	1100000	550	250	450
44024	ace44024-baktshayguard	200	1100000	550	250	450
44025	ace44025-baktshayservant	220	1400000	425	350	450
44026	ace44026-baktshayservant	220	1400000	425	380	450
44027	ace44027-baktshayslave	220	1400000	425	350	450
44028	ace44028-baktshayservant	220	1400000	250	350	450
44029	ace44029-baktshaysoldier	240	1850000	425	380	450
44030	ace44030-baktshaysoldier	240	1850000	425	380	450
44031	ace44031-dustgolem	300	4000000	525	390	450
44032	ace44032-dustgolem	300	4000000	525	390	450
44033	ace44033-burningsandsgolem	300	4000000	575	415	440
44034	ace44034-burningsandsgolem	300	4000000	575	415	440
44035	ace44035-mumiyahchampion	220	1400000	470	320	390
44036	ace44036-mumiyahchampion	220	1400000	470	320	390
44037	ace44037-mumiyahguardian	220	1400000	410	380	350
44038	ace44038-mumiyahguardian	220	1400000	410	380	350
44039	ace44039-mumiyahlord	300	2000000	500	400	460
44040	ace44040-mumiyahlord	300	2000000	500	400	460
44041	ace44041-mumiyahsentinel	240	1850000	510	344	425
44042	ace44042-mumiyahsentinel	240	1850000	510	344	425
44043	ace44043-mumiyahguardian	240	1850000	470	350	390
44044	ace44044-mumiyahguardian	240	1850000	470	350	390
44045	ace44045-mumiyahvizier	240	1850000	520	320	390
44046	ace44046-mumiyahvizier	240	1850000	520	320	390
44047	ace44047-reedsharkhunter	200	1100000	440	400	450
44048	ace44048-reedsharkhunter	220	1400000	440	400	450
44049	ace44049-reedsharkseeker	220	1400000	440	405	425
44050	ace44050-reedsharkseeker	220	1400000	440	405	425
44051	ace44051-tamedreaper	240	1850000	460	410	450
44052	ace44052-tamedreaper	240	1850000	460	410	450
44053	ace44053-warreaper	265	2500000	550	425	470
44054	ace44054-warreaper	265	2500000	550	425	470
44088	ace44088-baktshaysoldier	240	1850000	425	380	450
44089	ace44089-baktshaylady	220	9100000	425	380	450
44090	ace44090-baktshayguard	200	1100000	550	250	450
44091	ace44091-baktshayservant	220	1400000	425	350	450
44092	ace44092-baktshayservant	220	1400000	250	350	450
44093	ace44093-mumiyahvizier	240	1850000	520	320	390
44094	ace44094-mumiyahchampion	220	1400000	470	320	390
44095	ace44095-mumiyahguardian	220	1400000	410	380	350
44096	ace44096-mumiyahlord	300	2000000	500	400	460
44097	ace44097-mumiyahgrandvizier	240	1850000	470	400	390
44098	ace44098-mumiyahslavemaster	300	1850000	470	400	390
44099	ace44099-mumiyahsentinel	240	1850000	510	344	425
44100	ace44100-mumiyahguardian	240	1850000	470	350	390
44108	ace44108-mumiyahchanneller	250	4000000	470	400	390
44109	ace44109-mumiyahsoothsayer	250	4000000	470	400	390
44319	ace44319-baktshayguard	200	1100000	550	250	450
44320	ace44320-baktshayservant	220	1400000	425	350	450
44321	ace44321-baktshayslave	220	1400000	425	350	450
44322	ace44322-baktshaysoldier	240	1400000	425	380	450
44347	ace44347-filinuvektaemissary	425	1850000	180	320	397
44474	ace44474-devourermargul	200	1000000	480	275	568
44476	ace44476-grievvershredder	200	1100000	509	391	560
44478	ace44478-shadowflyer	200	1100000	420	354	542
44480	ace44480-shadowsbreath	240	1850000	414	362	538
44629	ace44629-shadowvortex	999	4000000	17	0	17
44651	ace44651-pillaroffire	200	1100000	457	0	514
44695	ace44695-pillaroffire	100	125000	457	154	450
44804	ace44804-devourermargul	200	1000000	480	275	568
44805	ace44805-voidlord	240	1850000	540	335	606
44806	ace44806-panumbrisshadow	240	1850000	532	363	590
44807	ace44807-panumbrisshadow	240	1850000	532	363	590
44808	ace44808-panumbrisshadow	240	1850000	532	363	590
44809	ace44809-grievvershredder	200	1100000	509	391	560
44815	ace44815-shadowflyer	200	1100000	420	354	542
44829	ace44829-shadowengineer	240	1850000	532	363	590
44831	ace44831-shadowengineer	240	1850000	532	363	590
44908	ace44908-wardenofloweringfocus	105	78	0	0	0
44909	ace44909-wardenofloweringquickness	105	78	0	0	0
44910	ace44910-wardenofloweringself	105	78	0	0	0
44911	ace44911-wardenofloweringstrength	105	78	0	0	0
44912	ace44912-wardenofraisingcoordination	105	78	0	0	0
44913	ace44913-wardenofraisingendurance	105	78	0	0	0
44914	ace44914-wardenofraisingfocus	105	78	0	0	0
44915	ace44915-wardenofraisingquickness	105	78	0	0	0
44916	ace44916-wardenofraisingself	105	78	0	0	0
44917	ace44917-wardenofraisingstrength	105	78	0	0	0
44918	ace44918-wardenofloweringcoordination	105	78	0	0	0
44919	ace44919-wardenofloweringendurance	105	78	0	0	0
45003	ace45003-frozenwight	220	1400000	400	345	367
45005	ace45005-frostgolem	200	1100000	450	375	450
45008	ace45008-frozenwightsorcerer	240	1400000	360	395	367
45009	ace45009-frozenwight	220	1400000	400	345	367
45010	ace45010-frozenwightcaptain	240	1850000	360	395	367
45012	ace45012-frozenwightsorcerer	220	1400000	360	395	367
45014	ace45014-frozenwightcaptain	240	1850000	360	395	367
45016	ace45016-frozenwighthighacolyte	240	1850000	360	395	367
45153	ace45153-guardianstatue	220	1400000	340	300	420
45155	ace45155-pyrechampion	265	2200000	450	320	460
45156	ace45156-pyreskeleton	220	1400000	400	320	430
45157	ace45157-pyreminion	200	1100000	400	320	410
45160	ace45160-wightcaptain	240	1850000	540	400	425
45161	ace45161-wightbladesorcerer	240	1850000	520	375	390
45162	ace45162-wight	220	1400000	520	345	370
45165	ace45165-corrupteddread	220	1400000	405	340	520
45171	ace45171-guardianstatue	220	1400000	340	300	420
45173	ace45173-pyrechampion	265	2200000	450	320	460
45174	ace45174-pyreskeleton	220	1400000	400	320	430
45175	ace45175-pyreminion	200	1100000	400	320	410
45178	ace45178-wightcaptain	240	1850000	540	400	425
45179	ace45179-wightbladesorcerer	240	1850000	520	375	390
45182	ace45182-corrupteddread	220	1400000	405	340	520
45183	ace45183-sorrowwisp	265	1950000	398	280	500
45184	ace45184-hatredwisp	285	2200000	398	280	500
45187	ace45187-wight	220	1400000	520	345	370
45196	ace45196-blindedapparition	250	2000000	500	350	550
45198	ace45198-hovorostheshadowed	300	20000000	560	380	465
45385	ace45385-dirtyfightingwardenofforgetfulness	105	78	0	0	0
45386	ace45386-dualwieldwardenofforgetfulness	105	78	0	0	0
45387	ace45387-recklessnesswardenofforgetfulness	105	78	0	0	0
45388	ace45388-shieldwardenofforgetfulness	105	78	0	0	0
45389	ace45389-sneakattackwardenofforgetfulness	105	78	0	0	0
45390	ace45390-dirtyfightingwardenofenlightenment	0	78	0	0	0
45391	ace45391-dualwieldwardenofenlightenment	0	78	0	0	0
45392	ace45392-recklessnesswardenofenlightenment	0	78	0	0	0
45393	ace45393-shieldwardenofenlightenment	0	78	0	0	0
45394	ace45394-sneakattackwardenofenlightenment	0	78	0	0	0
45522	ace45522-statueofvoidcasterswish	171	13410	0	0	0
45691	ace45691-incendiaryguard	220	1400000	500	350	550
45698	ace45698-galvanicguard	220	1400000	500	350	550
45700	ace45700-causticguard	220	1400000	500	350	550
45702	ace45702-aqueousguard	220	1400000	500	350	550
45706	ace45706-glacialguard	220	1400000	500	350	550
45709	ace45709-tenebrousguard	220	1400000	500	350	550
45710	ace45710-luminaryguard	220	1400000	500	350	550
45747	ace45747-firecrystal	200	1100000	132	170	149
45748	ace45748-icecrystal	200	1100000	132	170	149
45749	ace45749-electriccrystal	200	1100000	132	170	149
45750	ace45750-acidcrystal	200	1100000	132	170	149
45802	ace45802-anekshay	200	1100000	565	240	450
45803	ace45803-anekshaytempleguardian	200	1850000	550	380	450
45806	ace45806-anekshaytempleguardian	220	1850000	550	380	450
45807	ace45807-blessedmoarsman	220	1400000	587	385	400
45855	ace45855-dravann	440	4000000	500	340	440
45856	ace45856-virindikeeper	325	3000000	420	370	470
45859	ace45859-virindiguard	200	1000000	410	360	460
45860	ace45860-hollowward	210	1200000	500	340	440
45865	ace45865-omarah	30	5000	132	170	149
45897	ace45897-virindijailor	205	1100000	415	365	465
45899	ace45899-virindijailor	205	1100000	415	365	465
45901	ace45901-virindijailor	205	1100000	415	365	465
46143	ace46143-babypenguin	6	1000	35	50	40
46144	ace46144-penguinguardian	220	1400000	135	100	300
46278	ace46278-cowardlysnowman	105	2000	70	58	103
46279	ace46279-olthoiswarmsoldier	100	80000	305	300	370
46281	ace46281-darkmaster	100	80000	265	215	380
46299	ace46299-tiny	400	4000000	135	200	300
46300	ace46300-pillaroffrost	200	1100000	457	0	514
46305	ace46305-frigidicegolem	200	150000	243	250	314
46306	ace46306-frigidmistgolem	205	150000	227	250	314
46351	ace46351-armoredsiessasclavusveteran	240	1100000	260	375	375
46352	ace46352-armoredafessasclavusveteran	240	1100000	260	375	375
46353	ace46353-armoredafessasclavusveteran	240	1100000	260	375	375
46354	ace46354-falatacotbloodprophetess	390	1100000	385	350	375
46408	ace46408-carrionrat	200	1100000	522	170	149
46409	ace46409-carcassswarm	205	1050000	425	390	450
46410	ace46410-giantmaggot	185	800000	375	170	149
46411	ace46411-rottingmumiyah	220	1400000	470	350	390
46412	ace46412-decayedwight	240	1850000	400	345	367
46413	ace46413-departedspirit	220	1400000	437	280	550
46426	ace46426-roninhirachi	305	2500000	527	379	600
46428	ace46428-roninshimakawa	265	2500000	550	366	660
46430	ace46430-roninginmura	305	2500000	530	379	620
46437	ace46437-putridswarm	215	1300000	425	390	450
46445	ace46445-mareenodonn	200	1100000	132	170	149
46498	ace46498-spectralarcher	240	1850000	530	379	620
46499	ace46499-spectralarcher	240	1850000	530	379	620
46500	ace46500-spectralarcher	240	1850000	530	379	620
46501	ace46501-spectralarcher	240	1850000	530	379	620
46502	ace46502-spectralarcher	240	1850000	530	379	620
46503	ace46503-spectralarcher	240	1850000	530	379	620
46504	ace46504-spectralarcher	240	1850000	530	379	620
46505	ace46505-spectralarcher	240	1850000	530	379	620
46506	ace46506-spectralbladeadept	240	1850000	367	343	560
46507	ace46507-spectralbladeadept	240	1850000	367	343	560
46508	ace46508-spectralblademaster	240	1850000	427	363	580
46509	ace46509-spectralblademaster	240	1850000	427	363	580
46510	ace46510-spectralbloodmage	265	2500000	417	379	600
46511	ace46511-spectralbloodmage	265	2500000	417	379	600
46512	ace46512-spectralbushi	220	1400000	457	374	620
46513	ace46513-spectralbushi	220	1400000	457	374	620
46514	ace46514-spectralbushi	240	1850000	457	374	620
46515	ace46515-spectralbushi	240	1850000	457	374	620
46516	ace46516-spectralbushi	220	1400000	457	374	620
46517	ace46517-spectralbushi	220	1400000	457	374	620
46518	ace46518-spectralbushi	240	1850000	457	374	620
46519	ace46519-spectralbushi	240	1850000	457	374	620
46520	ace46520-spectralclawadept	240	1850000	367	394	560
46521	ace46521-spectralclawadept	240	1850000	367	394	560
46522	ace46522-spectralclawmaster	240	1850000	427	363	580
46523	ace46523-spectralclawmaster	240	1850000	427	363	580
46524	ace46524-spectralminion	240	1400000	400	379	620
46525	ace46525-spectralminion	240	1400000	400	379	620
46526	ace46526-spectralminion	240	1400000	400	379	620
46527	ace46527-spectralminion	240	1400000	400	379	620
46528	ace46528-spectralminion	240	1400000	400	379	620
46529	ace46529-spectralminion	240	1400000	400	379	620
46530	ace46530-spectralminion	240	1400000	400	379	620
46531	ace46531-spectralminion	240	1400000	400	379	620
46532	ace46532-spectralnanjoushoujen	260	2300000	440	384	580
46533	ace46533-spectralnanjoushoujen	260	2300000	440	384	580
46534	ace46534-spectralsamurai	265	2500000	510	351	660
46535	ace46535-spectralsamurai	265	2500000	510	366	660
46536	ace46536-spectralsamurai	265	2500000	510	366	660
46537	ace46537-spectralsamurai	265	2500000	510	366	660
46538	ace46538-spectralsamurai	265	2500000	510	366	660
46539	ace46539-spectralsamurai	265	2500000	510	366	660
46540	ace46540-spectralsamurai	265	2500000	510	366	660
46541	ace46541-spectralsamurai	265	2500000	510	366	660
46561	ace46561-spectralsamurai	265	2500000	510	366	660
46562	ace46562-spectralarcher	240	1850000	530	379	620
46563	ace46563-spectralarcher	240	1850000	530	379	620
46564	ace46564-spectralsamurai	265	2500000	510	366	660
46565	ace46565-spectralminion	240	1400000	400	379	620
46566	ace46566-spectralminion	240	1400000	400	379	620
46567	ace46567-spectralclawadept	240	1850000	367	394	560
46568	ace46568-spectralclawmaster	240	1850000	427	363	580
46569	ace46569-spectralbladeadept	240	1850000	367	343	560
46570	ace46570-spectralblademaster	245	1850000	427	363	580
46571	ace46571-spectralbushi	220	1400000	457	374	620
46572	ace46572-spectralbloodmage	265	2500000	417	379	600
46574	ace46574-spectralnanjoushoujen	260	2300000	440	384	580
46603	ace46603-claygolemsamurai	265	2500000	460	414	576
46613	ace46613-bronzegolemsamurai	265	2500000	460	414	576
46614	ace46614-irongolemsamurai	265	2500000	510	414	576
46651	ace46651-bronzegolemsamurai	265	2500000	460	414	576
46652	ace46652-claygolemsamurai	265	2500000	460	414	576
46653	ace46653-irongolemsamurai	265	2500000	510	414	576
46660	ace46660-samuraigatekeeper	265	2500000	550	366	660
46661	ace46661-clawmastergatekeeper	240	1850000	427	414	580
46662	ace46662-bushigatekeeper	220	1400000	457	374	620
46687	ace46687-spectralvoidmage	265	2500000	417	379	600
46688	ace46688-spectralvoidmage	265	2500000	417	379	600
46696	ace46696-ragingmoar	240	1400000	355	400	377
46705	ace46705-fiestymite	240	1400000	435	425	435
46767	ace46767-duplicitoussimulacrum	135	500000	300	280	330
46768	ace46768-tumerokcorporal	135	500000	335	302	415
46776	ace46776-blackmoorspage	8	161	0	0	0
46780	ace46780-adolescentrustgromnie	200	500000	410	375	440
46815	ace46815-wightbladesorcerer	240	1850000	520	375	390
46816	ace46816-pyrechampion	265	2200000	450	320	460
46928	ace46928-obsidiangolemnoble	225	1550000	579	170	400
46930	ace46930-gaerlan	750	2000000	440	380	550
46931	ace46931-ancientaqueousknight	220	1400000	500	350	550
46932	ace46932-ancientluminaryknight	220	1400000	500	350	550
46933	ace46933-ancienttenebrousknight	220	1400000	500	350	550
46934	ace46934-ancientmudgolem	240	1850000	550	257	400
46935	ace46935-ancientsandstonegolem	240	1850000	550	257	400
46936	ace46936-ancientwatergolem	240	1850000	550	257	400
46937	ace46937-gaerlansphylactericprison	710	5228	0	0	0
46952	ace46952-platinumgolem	710	43164	0	0	0
47043	ace47043-falatacotzealot	215	1100000	375	320	405
47045	ace47045-izexi	300	4000000	447	340	532
47047	ace47047-abductingcrystal	200	80000	397	440	399
47048	ace47048-conveyingcrystal	200	80000	397	440	399
47049	ace47049-ensnaredsoul	180	800000	367	330	428
47053	ace47053-xilkvar	220	1400000	395	340	507
47153	ace47153-tainteddustgolem	300	2000000	475	415	460
47179	ace47179-tiatussmithy	190	850000	380	300	500
47186	ace47186-torturedservant	200	1100000	400	300	515
47188	ace47188-zrikux	250	2000000	427	244	514
47204	ace47204-torturedservant	200	1100000	400	300	515
47205	ace47205-forgeguardian	210	1100000	400	300	515
47210	ace47210-tiatusoverseer	210	1200000	380	300	500
47216	ace47216-ensorcelledweapon	205	1050000	568	330	581
47217	ace47217-ensorcelledweapon	225	1550000	400	330	350
47218	ace47218-ensorcelledweapon	210	1200000	488	330	533
47225	ace47225-ensorcelledweapon	225	800500	483	330	530
47226	ace47226-ensorcelledweapon	215	800500	400	330	350
48713	ace48713-blazingcrystal	100	80000	0	134	0
48715	ace48715-prismshard	60	50000	0	134	0
48753	ace48753-rousedspirit	240	1500000	393	250	280
48755	ace48755-wightfrostmage	240	1400000	360	395	367
48756	ace48756-ragingwight	240	1400000	400	345	367
48762	ace48762-burningbones	220	1400000	380	320	377
48763	ace48763-skeletonranger	240	1400000	380	300	377
48764	ace48764-countphainor	275	2200000	400	170	149
48765	ace48765-guardianwisp	240	2200000	385	255	285
48774	ace48774-spiritofprotection	250	2500000	393	250	280
48801	ace48801-janthef	240	1850000	470	350	390
48802	ace48802-ensorcelledweapon	220	800500	500	430	450
48803	ace48803-ensorcelledweapon	220	800500	500	430	450
48804	ace48804-whirlwindgolem	240	4000000	370	300	450
48813	ace48813-ensorcelledweapon	220	800500	500	430	450
48821	ace48821-blitzkriegstatue	28	1894	290	270	320
48822	ace48822-statueofcreepingdeath	28	1894	290	270	320
48899	ace48899-ensorcelledweapon	220	800500	500	430	450
48900	ace48900-whirlwindgolem	240	4000000	400	300	450
48924	ace48924-claygolemkachi	265	2500000	460	414	576
48925	ace48925-bronzegolemkachi	265	2500000	460	414	576
48926	ace48926-irongolemkachi	265	2500000	510	414	576
48929	ace48929-bronzegolemsekkou	265	2500000	460	414	576
48930	ace48930-claygolemsekkou	265	2500000	460	414	576
48931	ace48931-irongolemsekkou	265	2500000	510	414	576
49482	ace49482-summoningwardenofforgetfulness	105	78	0	0	0
49483	ace49483-summoningwardenofenlightenment	0	78	0	0	0
49571	ace49571-baktshaykeeper	240	1850000	425	380	450
49572	ace49572-baktshaykeeper	240	1850000	425	380	450
49573	ace49573-baktshaykeeper	240	1850000	425	380	450
49574	ace49574-baktshaykeeper	240	1850000	425	380	450
49575	ace49575-baktshaylackey	280	1000000	600	380	650
49576	ace49576-mumiyahrecluse	500	1850000	360	395	367
49586	ace49586-infectiousrat	220	250000	266	300	480
49600	ace49600-ivorycrafter	8	230	1	0	1
49601	ace49601-leathercrafter	8	131	1	0	1
49602	ace49602-collector	4	221	1	0	1
49603	ace49603-apprenticecook	5	221	1	0	1
49604	ace49604-agentofthearcanum	75	1220	0	0	0
49605	ace49605-towncrier	17	340	1	0	1
49611	ace49611-simulacrumemulat	220	1400000	500	320	420
49613	ace49613-hollowreaver	220	1400000	520	340	440
49614	ace49614-simulacrummimic	220	1400000	500	320	420
49615	ace49615-virindifulguris	240	1850000	520	350	420
49616	ace49616-virindisignat	240	1850000	520	350	420
49637	ace49637-elementalprotector	200	250000	520	300	400
49641	ace49641-simulacrumshifter	265	2500000	500	320	420
51213	ace51213-olthoihivewarrior	240	2500000	480	380	460
51215	ace51215-olthoihivewarrior	240	2500000	480	380	460
51285	ace51285-simulacrumshifter	265	2500000	500	320	420
51286	ace51286-virindisentinel	265	2500000	520	350	420
51287	ace51287-virindiclandestine	240	1850000	520	350	420
51288	ace51288-simulacrummimic	220	1400000	500	320	420
51300	ace51300-virindikeeper	265	2500000	510	370	430
51314	ace51314-virindisentry	240	1850000	550	360	450
51316	ace51316-frozenwightarcher	240	1400000	360	350	367
51338	ace51338-frozendread	260	6000000	170	309	336
51340	ace51340-bloodstonefragment	220	1000000	340	375	440
51342	ace51342-experimentalbloodstone	260	2300000	420	360	480
51344	ace51344-experimentalbloodstonefragment	220	1400000	350	340	460
51349	ace51349-hollowservant	220	1400000	500	340	440
51350	ace51350-snowtuskerleader	240	1850000	400	500	425
51352	ace51352-freezingwind	200	925000	317	390	418
51353	ace51353-bloodstonefragment	220	1000000	340	375	440
51354	ace51354-bloodstoneshard	240	1850000	360	345	460
51355	ace51355-bloodstoneshard	240	1850000	360	345	460
51356	ace51356-experimentalbloodstonefragment	220	1400000	350	340	460
51357	ace51357-gurogguardianhenchman	220	1400000	380	320	400
51358	ace51358-gurogguardianminion	200	1100000	380	310	377
51359	ace51359-gurogguardiansoldier	220	1400000	470	320	420
51360	ace51360-frozenwightguardiancaptain	240	1850000	360	395	367
51361	ace51361-frozenwightguardian	220	1400000	400	345	367
51363	ace51363-frozenwightguardiansorcerer	240	1400000	360	395	367
51371	ace51371-prototypebloodstonefragment	220	1400000	460	350	480
51375	ace51375-hollowservitor	300	3000000	500	340	440
51376	ace51376-olthoihivewarrior	240	2500000	480	380	460
51380	ace51380-oggma	200	1000000	560	380	450
51381	ace51381-aunsiminua	205	1200000	540	360	450
51382	ace51382-kulbronzegear	210	1200000	540	380	440
51399	ace51399-simulacrumdoppelganger	220	1400000	500	340	420
51550	ace51550-discipleofhatred	265	2500000	520	360	420
51551	ace51551-discipleofmisery	265	2500000	520	360	420
51555	ace51555-virindiconfer	240	1850000	520	360	420
51573	ace51573-hollowservitor	300	3000000	500	340	440
51579	ace51579-discipleofanger	265	2500000	520	360	420
51599	ace51599-pillaroflightning	200	1100000	400	0	500
51607	ace51607-corruptminion	240	1850000	527	303	510
51608	ace51608-corruptminionofrage	240	1850000	527	317	510
51609	ace51609-corruptslayer	265	2500000	550	356	530
51610	ace51610-corruptrager	265	2500000	560	356	540
51611	ace51611-corruptsorcerer	300	4000000	527	333	510
51612	ace51612-ragingcorruptsorcerer	300	4000000	520	333	510
51613	ace51613-corruptbulwark	400	4000000	493	324	540
51617	ace51617-aspectofavarice	500	50000000	560	360	450
51631	ace51631-corruptminion	240	1850000	527	303	510
51632	ace51632-corruptminionofrage	240	1850000	527	317	510
51633	ace51633-corruptrager	265	2500000	560	356	540
51634	ace51634-corruptslayer	265	2500000	550	356	530
51635	ace51635-corruptsorcerer	300	4000000	527	333	510
51636	ace51636-ragingcorruptsorcerer	300	4000000	520	333	510
51653	ace51653-corruptgearwarrior	265	2500000	560	340	440
51661	ace51661-corruptgearsentry	240	1850000	540	340	440
51663	ace51663-corruptgearsentry	240	1850000	540	340	440
51674	ace51674-rynthidtaskmaster	300	4000000	550	370	440
51682	ace51682-shadowcaptive	240	1850000	0	0	0
51683	ace51683-shadowcaptive	240	1850000	0	0	0
51684	ace51684-corruptlugian	240	1850000	560	380	450
51700	ace51700-apparitionofspite	300	4000000	550	340	420
51701	ace51701-apparitionofbloodlust	300	4000000	550	340	420
51702	ace51702-apparitionofenvy	300	4000000	550	340	420
51703	ace51703-apparitionofapathy	300	4000000	550	340	420
51711	ace51711-spiritminion	240	1850000	527	343	560
51712	ace51712-spiritrager	265	2500000	493	310	580
51713	ace51713-spiritslayer	265	2500000	500	310	580
51714	ace51714-spiritsorcerer	265	2500000	527	350	553
51723	ace51723-riftofblindrage	250	2000000	530	340	550
51724	ace51724-discorporaterynthidofblindrage	200	1100000	550	389	450
51725	ace51725-riftofblindrage	250	2000000	530	340	550
51726	ace51726-discorporaterynthidofblindrage	200	1100000	550	389	450
51727	ace51727-riftofrage	250	2000000	530	340	550
51728	ace51728-discorporaterynthidofrage	200	1100000	550	389	450
51729	ace51729-riftofrage	250	2000000	530	340	550
51730	ace51730-discorporaterynthidofrage	200	1100000	550	389	450
51731	ace51731-riftofconsumingtorment	250	2000000	530	340	550
51732	ace51732-discorporaterynthidofconsumingtorment	200	1100000	550	389	450
51733	ace51733-riftofconsumingtorment	250	2000000	530	340	550
51734	ace51734-discorporaterynthidofconsumingtorment	200	1100000	550	389	450
51735	ace51735-riftoftorment	250	2000000	530	340	550
51736	ace51736-discorporaterynthidoftorment	200	1100000	550	389	450
51737	ace51737-riftoftorment	250	2000000	530	340	550
51738	ace51738-discorporaterynthidoftorment	200	1100000	550	389	450
51739	ace51739-aspectofrage	500	50000000	440	330	480
51741	ace51741-aspectoftorment	500	50000000	440	330	480
51743	ace51743-rynthidberserker	500	50000000	540	340	560
51745	ace51745-discorporaterynthidoftorment	200	1100000	550	389	450
51746	ace51746-discorporaterynthidoftorment	200	1100000	550	389	450
51747	ace51747-rynthidminionofrage	240	1850000	540	343	560
51748	ace51748-rynthidminionofrage	240	1850000	540	343	560
51749	ace51749-rynthidminion	240	1850000	540	343	560
51750	ace51750-rynthidminion	240	1850000	540	343	560
51751	ace51751-rynthidrager	265	2500000	570	356	650
51752	ace51752-rynthidrager	265	2500000	570	356	650
51753	ace51753-rynthidravager	500	50000000	540	340	560
51755	ace51755-rynthidslayer	265	2500000	570	346	580
51756	ace51756-rynthidslayer	265	2500000	570	346	580
51757	ace51757-ragingrynthidsorcerer	300	4000000	550	370	553
51758	ace51758-ragingrynthidsorcerer	300	4000000	550	370	553
51759	ace51759-rynthidsorcerer	300	4000000	550	370	553
51760	ace51760-rynthidsorcerer	300	4000000	550	370	553
51761	ace51761-discorporaterynthidofrage	200	1100000	550	389	450
51762	ace51762-discorporaterynthidofrage	200	1100000	550	389	450
51806	ace51806-empowereddespairwisp	265	2500000	490	260	300
51807	ace51807-empoweredhatredwisp	285	3500000	490	260	300
51808	ace51808-empoweredsorrowwisp	265	2500000	490	260	300
51823	ace51823-lothusguardianoftorment	350	4000000	550	400	500
51826	ace51826-lothusguardianofrage	350	4000000	550	400	500
51828	ace51828-lothusguardianofsorrows	350	4000000	550	400	500
51830	ace51830-lothusguardianofsorrows	350	4000000	550	400	500
51831	ace51831-pillaroffrost	200	1100000	400	0	500
51876	ace51876-tormentedshadow	240	1850000	550	354	325
51877	ace51877-enragedshadow	240	1850000	550	354	325
51878	ace51878-enragedshadow	240	1850000	550	354	325
51879	ace51879-enragedshadow	240	1850000	550	354	325
51880	ace51880-tormentedshadow	240	1850000	550	354	325
51881	ace51881-tormentedshadow	240	1850000	550	354	325
51897	ace51897-commanderpresk	300	4000000	0	0	0
51902	ace51902-lugianlackey	240	1850000	560	380	450
51904	ace51904-lugianminion	240	1850000	560	380	450
51909	ace51909-lugianguardian	240	1850000	560	380	450
51920	ace51920-captainkeeson	300	4000000	560	380	450
51936	ace51936-tormentedminion	240	1850000	553	356	546
51938	ace51938-tormentedsorcerer	300	4000000	527	350	553
51970	ace51970-containmentdoll	200	1100000	500	340	450
51975	ace51975-marionetteknightoftorment	220	1400000	520	360	460
51976	ace51976-tormentedmarionette	200	1100000	500	340	450
51977	ace51977-suppressionrift	250	2000000	550	420	520
51978	ace51978-lothusarchmage	300	4000000	550	380	480
51979	ace51979-lothusguardianoftorment	350	6000000	550	400	500
51980	ace51980-lothusguardianoftorment	350	6000000	550	400	500
51981	ace51981-lothusguardianoftorment	350	6000000	550	400	500
51982	ace51982-lothusguardianoftorment	350	6000000	550	400	500
51983	ace51983-lothusservant	240	1850000	550	360	480
51984	ace51984-lothusslayer	265	2500000	570	380	480
51992	ace51992-curatoroftorment	620	62000000	540	380	500
52027	ace52027-corruptedshaman	240	1850000	540	360	450
52028	ace52028-corruptedwarrior	240	1850000	540	360	450
52031	ace52031-corruptedwarrior	240	1850000	540	360	450
52112	ace52112-troublesomemite	240	1400000	455	445	455
52113	ace52113-troublesomemite	240	1400000	455	445	455
52114	ace52114-troublesomemite	240	1400000	455	445	455
52131	ace52131-enragedmoar	240	1400000	355	400	377
52213	ace52213-baktshaylackey	280	1000000	600	380	650
52240	ace52240-burningsandsguardian	300	4000000	425	415	450
52244	ace52244-mumiyahmagus	300	1850000	360	395	367
52260	ace52260-pillaroffrost	200	125000	457	154	450
52261	ace52261-pillaroflightning	200	125000	457	154	450
52262	ace52262-pillarofacid	200	125000	457	154	450
52263	ace52263-pillaroffire	0	125000	457	154	450
52271	ace52271-shadowypillar	0	5000000	0	0	0
52273	ace52273-shadowflyer	200	1100000	420	354	542
52275	ace52275-voidlord	240	1850000	460	335	506
52278	ace52278-rynthidsorcerer	300	4000000	550	370	553
52279	ace52279-rynthidslayer	265	2500000	570	346	580
52280	ace52280-rynthidminion	240	1850000	540	343	560
52285	ace52285-frostgolem	200	1100000	450	375	450
52288	ace52288-desertphyntosswarm	200	800000	430	405	430
52292	ace52292-spectralvoidmage	265	2500000	417	379	600
52293	ace52293-spectralbloodmage	265	2500000	417	379	600
52308	ace52308-pyreminion	200	1100000	400	320	410
52309	ace52309-pyrechampion	265	2200000	450	320	460
52519	ace52519-zefirthornstalker	265	2500000	530	360	550
52573	ace52573-zefirthornpoisoner	265	2500000	520	360	550
52574	ace52574-zefirthornranger	265	2500000	540	350	550
52575	ace52575-zefirthornreaver	265	2500000	520	350	550
52583	ace52583-anekshenstormcaller	300	4000000	520	370	550
52585	ace52585-anekshenstormreaver	300	4000000	520	370	550
52587	ace52587-anekshenthorndancer	300	4000000	530	370	550
52589	ace52589-anekshenthornreaver	300	4000000	520	370	550
52616	ace52616-brierwasp	265	2500000	520	350	550
52617	ace52617-brierwaspswarm	265	2500000	530	350	550
52618	ace52618-brierwasphive	90	24705	1	1	1
52619	ace52619-venomousbrierwasp	265	2500000	520	340	550
52620	ace52620-poisonousbrierwasp	265	2500000	530	340	550
52715	ace52715-corrosivearcher	240	2500000	507	460	610
52716	ace52716-virindirival	240	4000000	505	405	514
53015	ace53015-thunderturkey	500	1200000	505	420	425
53345	ace53345-emeraldthorngromnie	300	4000000	530	350	530
53346	ace53346-vermilionthorngromnie	280	4000000	530	350	530
53347	ace53347-emeraldhuntinggromnie	300	4000000	540	360	550
53348	ace53348-vermilionwargromnie	300	4000000	540	360	550
53350	ace53350-corruptingthorngromnie	280	4000000	530	350	530
53365	ace53365-windfury	350	4000000	530	370	550
53375	ace53375-sathtikeyestalk	215	1300000	500	380	540
53376	ace53376-sathtiktendril	185	800000	520	380	540
53377	ace53377-sathtiktentacle	200	1100000	520	360	540
69994	ace69994-nightclubattendant	73	318	1	0	1
69998	ace69998-fireworksstopgap!	15	307	1	0	1
70000	ace70000-aggressivepenguin	8	1000	35	50	40
70012	ace70012-caravaushthechamberlain	115	125000	363	259	449
70014	ace70014-darayavaushthered	115	125000	363	259	449
70037	ace70037-bloodgolem	115	125000	287	232	392
70038	ace70038-eternalharvester	135	250000	330	275	435
70039	ace70039-caveursuin	100	30000	230	230	350
70040	ace70040-fazendaterror	100	26000	245	215	336
70041	ace70041-viamontianseeker	135	250000	280	370	350
70056	ace70056-bigchiefhagra	79	25000	330	249	416
70081	ace70081-blightedcoralgolemviceroy	195	750000	373	280	500
70082	ace70082-darkremoran	200	395000	403	311	532
70115	ace70115-efupperlevelwestwispncontroller	15	307	1	0	1
70116	ace70116-efupperlevelwestwispecontroller	15	307	1	0	1
70117	ace70117-efupperlevelwestwispwcontroller	15	307	1	0	1
70118	ace70118-efupperlevelwestwispscontroller	15	307	1	0	1
70121	ace70121-efmiddlelevelnorthwispncontroller	15	307	1	0	1
70122	ace70122-efmiddlelevelnorthwispecontroller	15	307	1	0	1
70123	ace70123-efmiddlelevelnorthwispwcontroller	15	307	1	0	1
70124	ace70124-efmiddlelevelnorthwispscontroller	15	307	1	0	1
70126	ace70126-efmiddlelevelsouthwispncontroller	15	307	1	0	1
70127	ace70127-efmiddlelevelsouthwispecontroller	15	307	1	0	1
70128	ace70128-efmiddlelevelsouthwispwcontroller	15	307	1	0	1
70129	ace70129-efmiddlelevelsouthwispscontroller	15	307	1	0	1
70131	ace70131-efmiddleleveleastwispncontroller	15	307	1	0	1
70132	ace70132-efmiddleleveleastwispecontroller	15	307	1	0	1
70133	ace70133-efmiddleleveleastwispwcontroller	15	307	1	0	1
70134	ace70134-efmiddleleveleastwispscontroller	15	307	1	0	1
70136	ace70136-efmiddlelevelwestwispncontroller	15	307	1	0	1
70137	ace70137-efmiddlelevelwestwispecontroller	15	307	1	0	1
70138	ace70138-efmiddlelevelwestwispwcontroller	15	307	1	0	1
70139	ace70139-efmiddlelevelwestwispscontroller	15	307	1	0	1
70142	ace70142-eflowerlevelnorthwispncontroller	15	307	1	0	1
70143	ace70143-eflowerlevelnorthwispecontroller	15	307	1	0	1
70144	ace70144-eflowerlevelnorthwispwcontroller	15	307	1	0	1
70145	ace70145-eflowerlevelnorthwispscontroller	15	307	1	0	1
70147	ace70147-eflowerlevelsouthwispncontroller	15	307	1	0	1
70148	ace70148-eflowerlevelsouthwispecontroller	15	307	1	0	1
70149	ace70149-eflowerlevelsouthwispwcontroller	15	307	1	0	1
70150	ace70150-eflowerlevelsouthwispscontroller	15	307	1	0	1
70152	ace70152-eflowerleveleastwispncontroller	15	307	1	0	1
70153	ace70153-eflowerleveleastwispecontroller	15	307	1	0	1
70154	ace70154-eflowerleveleastwispwcontroller	15	307	1	0	1
70155	ace70155-eflowerleveleastwispscontroller	15	307	1	0	1
70157	ace70157-eflowerlevelwestwispncontroller	15	307	1	0	1
70158	ace70158-eflowerlevelwestwispecontroller	15	307	1	0	1
70159	ace70159-eflowerlevelwestwispwcontroller	15	307	1	0	1
70160	ace70160-eflowerlevelwestwispscontroller	15	307	1	0	1
70163	ace70163-efupperlevelnorthwispncontroller	15	307	1	0	1
70164	ace70164-efupperlevelnorthwispecontroller	15	307	1	0	1
70165	ace70165-efupperlevelnorthwispwcontroller	15	307	1	0	1
70166	ace70166-efupperlevelnorthwispscontroller	15	307	1	0	1
70168	ace70168-efupperlevelsouthwispncontroller	15	307	1	0	1
70169	ace70169-efupperlevelsouthwispecontroller	15	307	1	0	1
70170	ace70170-efupperlevelsouthwispwcontroller	15	307	1	0	1
70171	ace70171-efupperlevelsouthwispscontroller	15	307	1	0	1
70173	ace70173-efupperleveleastwispncontroller	15	307	1	0	1
70174	ace70174-efupperleveleastwispecontroller	15	307	1	0	1
70175	ace70175-efupperleveleastwispwcontroller	15	307	1	0	1
70176	ace70176-efupperleveleastwispscontroller	15	307	1	0	1
70293	ace70293-mastermalsivir	125	67000	230	205	375
70331	ace70331-ehlyissleech	200	415000	483	247	514
70343	ace70343-apostatesparklingstopgap	15	307	1	0	1
70344	ace70344-apostatescintillatingstopgap	15	307	1	0	1
70345	ace70345-apostateshimmeringstopgap	15	307	1	0	1
70348	ace70348-turgosthehunter	300	18000000	440	430	440
70349	ace70349-gearalltheshield	300	18000000	440	430	440
70361	ace70361-gurogminion	220	1400000	360	345	367
70364	ace70364-lordkastellar	425	1850000	365	339	397
70366	ace70366-gurogguardian	220	1400000	470	320	420
70368	ace70368-masterbloodstone	265	2500000	360	395	460
70370	ace70370-cageddreadmattekar	40	7000	120	135	205
70371	ace70371-filthymattekar	40	7000	120	135	205
70376	ace70376-kierienthewatcher	85	30000	320	170	320
70377	ace70377-warmasterlurgiss	85	30000	320	170	320
70706	ace70706-stockpileguardian	185	800000	440	430	440
70712	ace70712-ironbladewarmaster	185	800000	440	430	440
70715	ace70715-generaltarkaris	185	139000	380	360	380
70716	ace70716-apostateoverseer	210	1400000	300	295	420
70753	ace70753-baronentemarre	115	125000	325	300	425
70820	ace70820-viridiantype1stopgap	15	307	1	0	1
70832	ace70832-viridiantype2stopgap	15	307	1	0	1
70972	ace70972-atlanscraftinggolem	180	345000	275	225	350
70973	ace70973-innerchamberguardian	185	370000	320	305	375
70974	ace70974-luminaryknight	165	450000	395	205	410
70975	ace70975-viamontianorecollector	115	125000	225	238	285
71099	ace71099-coraltower	300	4000000	1	1	1
71100	ace71100-coraltower	300	4000000	1	1	1
71101	ace71101-templeguardian	100	80000	290	240	385
71102	ace71102-templeguardian	100	80000	290	300	385
71103	ace71103-templeguardian	200	1100000	425	385	400
71104	ace71104-highpriestoftthuun	200	1100000	425	300	400
71106	ace71106-highpriestsacolyte	200	1100000	425	385	400
71107	ace71107-highprieststhird	200	1100000	425	385	400
71108	ace71108-highpriestssecond	200	1100000	425	385	400
71109	ace71109-highpriestsfirst	200	1100000	425	385	400
71111	ace71111-kathirik	240	1400000	260	375	375
71167	ace71167-haisanixthedestroyer	135	250000	325	302	440
71168	ace71168-karkuulthedefiler	135	250000	325	302	440
71169	ace71169-vizidhthedespoiler	135	250000	325	302	440
71239	ace71239-harbinger	999	4000000	19	185	270
71263	ace71263-ruschkcryptguardian	95	38000	350	260	400
71264	ace71264-ruschkgravekeeper	95	38000	350	260	400
71269	ace71269-astesoulrenderer	100	80000	280	230	375
71270	ace71270-essasoulrenderer	100	80000	290	240	390
71351	ace71351-bladetrap	28	1894	1	0	1
71352	ace71352-piercingtrap	28	1894	1	0	1
71381	ace71381-ancientincendiaryguardian	220	1850000	425	380	450
71386	ace71386-mumiyahsoldier	240	1850000	470	350	390
71387	ace71387-mumiyahchampion	220	1400000	470	320	390
71388	ace71388-mumiyahvizier	240	1850000	520	320	390
71391	ace71391-corruptedconflagration	280	925000	317	390	418
71409	ace71409-dridslowerdoorman	15	307	1	0	1
71410	ace71410-dridsdoormanladyspawner	15	307	1	0	1
71411	ace71411-dridsdoormanvizierspawner	15	307	1	0	1
71701	ace71701-coloroomcoordinator	15	307	1	0	1
71702	ace71702-colofinalroomcoordinator	15	307	1	0	1
71719	ace71719-commander	265	1300000	370	350	380
71734	ace71734-handvhanddoorman	15	307	0	0	0
71735	ace71735-handvwebdoorman	15	307	0	0	0
71736	ace71736-handvblooddoorman	15	307	0	0	0
71737	ace71737-webvhanddoorman	15	307	0	0	0
71738	ace71738-webvwebdoorman	15	307	0	0	0
71739	ace71739-webvblooddoorman	15	307	0	0	0
71740	ace71740-bloodvhanddoorman	15	307	0	0	0
71741	ace71741-bloodvwebdoorman	15	307	0	0	0
71742	ace71742-bloodvblooddoorman	15	307	0	0	0
71743	ace71743-handcaptivesdoorman	15	307	0	0	0
71744	ace71744-webcaptivesdoorman	15	307	0	0	0
71745	ace71745-bloodcaptivesdoorman	15	307	0	0	0
71881	ace71881-especiallyfamishedeater	60	17500	215	255	330
72000	ace72000-nightbrier	350	4000000	540	360	550
72002	ace72002-zerzelikyr	400	8000000	540	350	550
72031	ace72031-rynthiddragoon	265	2500000	550	350	450
72040	ace72040-tormentedwatcher	220	1400000	500	340	440
72043	ace72043-tormentedslayer	265	2500000	540	356	546
72044	ace72044-bahktar	240	1850000	560	380	450
72045	ace72045-tormentedcharge	240	1850000	540	360	450
72063	ace72063-rynthidgenesisstopgap	15	307	1	0	1
72071	ace72071-tormentwavestopgap	15	307	1	0	1
72073	ace72073-tormentresetstopgap	15	307	1	0	1
72084	ace72084-paradoxwardstopgap	15	307	1	0	1
72099	ace72099-spiritofanguish	28	1894	1	0	1
72100	ace72100-spiritofanguish	28	1894	1	0	1
72101	ace72101-spiritofanguish	28	1894	1	0	1
72102	ace72102-spiritofanguish	28	1894	1	0	1
72109	ace72109-tormentward1stopgap	15	307	1	0	1
72111	ace72111-tormentward2stopgap	15	307	1	0	1
72113	ace72113-tormentward3stopgap	15	307	1	0	1
72115	ace72115-tormentward4stopgap	15	307	1	0	1
72120	ace72120-anomaly	28	1894	1	0	1
72122	ace72122-lightningcloud	200	1100000	400	0	500
72151	ace72151-rynthidstonegen	68	4750	0	0	0
72156	ace72156-portalenergy	68	4750	0	0	0
72166	ace72166-lightningcloud	200	1100000	400	0	500
72173	ace72173-lightningcloud	200	1100000	400	0	500
72180	ace72180-corruptedwargromnie	300	4000000	540	360	550
72189	ace72189-anekshenstormcorruptor	300	4000000	520	370	550
72190	ace72190-anekshencorruptthornreaver	300	4000000	520	370	550
72194	ace72194-anekshencorruptstormreaver	300	4000000	520	370	550
72195	ace72195-anekshenthorncorruptor	300	4000000	530	370	550
72203	ace72203-sawatobandit	160	500000	350	360	380
72216	ace72216-shadeoflordrytheran	300	20000000	560	380	465
72238	ace72238-flamingskull	28	1894	1	0	1
72269	ace72269-guardianstatue	265	1500000	340	300	420
72270	ace72270-guardianstatue	265	1500000	340	340	420
72277	ace72277-jesterbrazierstopgap	15	307	1	0	1
72283	ace72283-lightningtrap	28	1894	1	0	1
72310	ace72310-frozenwightcaptain	240	1850000	360	395	367
72314	ace72314-gerainelibraryringcaster	68	4750	0	0	0
72321	ace72321-gerainesstudyeventstopgap	15	307	1	0	1
72323	ace72323-cultisthighpriest	200	1200000	520	350	450
72324	ace72324-cultisthighpriest	200	1200000	520	350	450
72325	ace72325-frozenwightcaptain	240	1850000	360	395	367
72328	ace72328-guroghenchman	220	1400000	380	320	400
72329	ace72329-gurogminion	200	1100000	380	310	377
72330	ace72330-gurogsoldier	220	1400000	470	320	420
72331	ace72331-frozenwight	220	1400000	400	345	367
72332	ace72332-frozenwightcaptain	240	1850000	360	395	367
72333	ace72333-frozenwightsorcerer	240	1400000	360	395	367
72334	ace72334-renselm	425	1850000	450	350	530
72335	ace72335-cultistcohort	200	1200000	520	350	450
72336	ace72336-cultisthighpriest	200	1200000	520	350	450
72356	ace72356-gerainebodiesboltcaster	28	1894	1	0	1
72357	ace72357-gerainelibraryringcaster	28	1894	1	0	1
72359	ace72359-doorresetstopgap	15	307	1	0	1
72361	ace72361-doorresetstopgap	15	307	1	0	1
72370	ace72370-twistedrefugestopgap	15	307	1	0	1
72374	ace72374-mhoirelieutenantstopgap	15	307	1	0	1
72393	ace72393-claudewitnessinghistorystopgap	15	307	1	0	1
72395	ace72395-claudearena1stopgap	15	307	1	0	1
72400	ace72400-claudearena2stopgap	15	307	1	0	1
72401	ace72401-claudearena3stopgap	15	307	1	0	1
72402	ace72402-claudearena4stopgap	15	307	1	0	1
72409	ace72409-artifexofthelivingdarkness	220	4000000	300	295	420
72410	ace72410-artifexofthesingularity	135	250000	320	295	415
72411	ace72411-shadowproctor	160	500000	450	300	480
72418	ace72418-olthoihiveeviscerator	220	1400000	450	400	550
72419	ace72419-olthoihiveeviscerator	220	1400000	450	400	550
72420	ace72420-olthoihivesoldier	200	1100000	380	350	400
72421	ace72421-olthoihivepiercer	220	1400000	417	370	580
72422	ace72422-olthoihivenoble	200	1100000	420	370	580
72423	ace72423-olthoihivemutilator	200	1100000	420	380	580
72425	ace72425-olthoihivecrawler	240	1156	532	363	590
72426	ace72426-hivemaggotgiant	250	2000000	542	373	590
72427	ace72427-olthoihivequeen	300	4000000	280	214	160
72428	ace72428-olthoihivequeen	300	4000000	280	214	360
72440	ace72440-olthoihiveguardian	265	2500000	480	380	580
72444	ace72444-virindiguardian	265	2500000	520	350	420
72447	ace72447-olthoihiveguardian	265	2500000	480	380	580
72449	ace72449-hivemaggot	240	1156	532	363	590
72450	ace72450-grubteststopgap	15	307	1	0	1
72452	ace72452-olthoihiveguardian	265	2500000	480	380	580
72453	ace72453-virindisentinel	265	2500000	520	350	420
72455	ace72455-olthoihiveguardian	265	2500000	480	380	460
72459	ace72459-olthoihivebrood	265	2500000	430	440	580
72472	ace72472-trap	28	1894	1	0	1
72480	ace72480-hoshinocourtyardcounter	15	307	1	0	1
72482	ace72482-hoshinocourtyardgen	15	307	1	0	1
72483	ace72483-falatacottemplecounter	15	307	1	0	1
72486	ace72486-vicararchergen	15	307	1	0	1
72487	ace72487-vicarblademastergen	15	307	715	461	761
72488	ace72488-vicarminiongen	15	307	1	0	1
72490	ace72490-vicararcher	240	1850000	530	379	620
72491	ace72491-vicarminion	240	1400000	530	379	620
72492	ace72492-vicarblademaster	240	1850000	427	363	580
72520	ace72520-hoshinoresetstopgap	15	307	1	0	1
72522	ace72522-hoshinocontroller	15	307	1	0	1
72523	ace72523-hallofagony	28	1894	1	0	1
72530	ace72530-spectralsamuraidaimyo	305	2500000	510	366	630
72531	ace72531-spectralsamuraidaimyo	305	2500000	510	366	630
72532	ace72532-spectralsamuraidaimyo	305	2500000	510	366	630
72538	ace72538-exarchnanjoushoujen	305	500000	543	371	658
72540	ace72540-firstlieutenant	265	5500000	537	384	610
72578	ace72578-hallofagony	28	1894	1	0	1
72579	ace72579-hallofagony	28	1894	1	0	1
72580	ace72580-hallofagony	28	1894	1	0	1
72581	ace72581-hallofagony	28	1894	1	0	1
72582	ace72582-hallofagony	28	1894	1	0	1
72583	ace72583-hallofagony	28	1894	1	0	1
72584	ace72584-hallofagony	28	1894	1	0	1
72585	ace72585-hallofagony	28	1894	1	0	1
72586	ace72586-spectralnanjoumihari	240	1850000	547	363	660
72587	ace72587-spectralnanjoukaibinn	240	1850000	547	373	660
72588	ace72588-spectralnanjoukeibi	240	1850000	547	363	660
72589	ace72589-spectralminion	240	1400000	530	379	620
72590	ace72590-spectralminion	240	1400000	530	379	620
72593	ace72593-spectralarcher	240	1850000	530	379	660
72598	ace72598-spectralnanjouzaikan	240	1850000	547	383	660
72618	ace72618-something	28	1894	1	0	1
72620	ace72620-tanadaneophyte	220	1400000	420	364	560
72621	ace72621-tanadananjougunjinn	240	1850000	407	343	560
72622	ace72622-tanadananjoutureinaa	245	1950000	427	363	580
72623	ace72623-tanadananjoujogensha	260	2250000	427	363	580
72648	ace72648-sliceanddice	28	1894	1	0	1
72649	ace72649-pincushion	28	1894	1	0	1
72650	ace72650-fivefingerdeathpunch	28	1894	1	0	1
72651	ace72651-something	28	1894	1	0	1
72652	ace72652-spectralarchergen	15	307	1	0	1
72654	ace72654-spectralsapphireblade	220	1850000	420	340	560
72655	ace72655-spectralsapphireclaw	220	1850000	420	340	560
72656	ace72656-spectralsapphireassassin	220	1850000	420	340	560
72657	ace72657-spectralsapphireassassin	220	1850000	420	340	560
72658	ace72658-spectralsapphiregatekeeper	220	1850000	420	340	560
72659	ace72659-spectralemeraldblade	235	1850000	450	340	570
72660	ace72660-spectralemeraldclaw	235	1850000	450	340	570
72661	ace72661-spectralemeraldassassin	235	1850000	450	340	570
72662	ace72662-spectralemeraldassassin	235	1850000	450	340	570
72663	ace72663-spectralemeraldgatekeeper	235	1850000	450	340	570
72664	ace72664-spectralrubynanjoushoujen	250	1850000	460	350	580
72665	ace72665-spectralrubyassassin	250	1850000	460	350	580
72666	ace72666-spectralrubyassassin	250	1850000	460	350	580
72667	ace72667-spectralrubygatekeeper	250	1850000	460	350	580
72668	ace72668-spectralnanjoumaster	275	2300000	470	380	580
72675	ace72675-arcanedeath	28	1894	1	0	1
72676	ace72676-arcanedeath	28	1894	1	0	1
72677	ace72677-arcanedeathcontroller	28	1894	1	0	1
72692	ace72692-olthoihivesoldier	200	1100000	380	350	400
72693	ace72693-olthoihivemutilator	200	1100000	420	370	580
72694	ace72694-olthoihiveeviscerator	220	1400000	450	400	550
72695	ace72695-olthoihivebrood	265	2500000	430	440	580
72697	ace72697-olthoihiveeviscerator	220	1400000	450	400	550
72715	ace72715-olthoihivesoldier	200	1100000	380	350	400
72716	ace72716-olthoihivesoldier	200	1100000	380	350	400
72717	ace72717-olthoihivesoldier	200	1100000	380	350	400
72718	ace72718-olthoihivesoldier	200	1100000	380	350	400
72719	ace72719-olthoihivemutilator	200	1100000	420	370	580
72720	ace72720-olthoihivemutilator	200	1100000	420	370	580
72721	ace72721-olthoihivemutilator	200	1100000	420	370	580
72722	ace72722-olthoihivemutilator	200	1100000	420	370	580
72723	ace72723-olthoihiveeviscerator	220	1400000	450	400	550
72724	ace72724-olthoihiveeviscerator	220	1400000	450	400	550
72725	ace72725-olthoihiveeviscerator	220	1400000	450	400	550
72726	ace72726-olthoihiveeviscerator	220	1400000	450	400	550
72727	ace72727-olthoihivebrood	265	2500000	430	440	580
72728	ace72728-olthoihivebrood	265	2500000	430	440	580
72729	ace72729-olthoihivebrood	265	2500000	430	440	580
72730	ace72730-olthoihivebrood	265	2500000	430	440	580
72739	ace72739-spectralnanjoushoujen	260	2300000	440	384	580
72742	ace72742-floatingtowerstopgap	15	307	1	0	1
72744	ace72744-floatingtowergroundstopgap	15	307	1	0	1
72750	ace72750-portalspacerift	15	307	1	0	1
72751	ace72751-acidplanestopgap	15	307	1	0	1
72752	ace72752-acid	115	125000	223	194	174
72753	ace72753-acid	115	125000	335	260	420
72755	ace72755-acidzenith	185	2000000	375	295	455
72756	ace72756-firezenith	185	2000000	375	295	455
72757	ace72757-frostzenith	185	2000000	375	295	455
72758	ace72758-electriczenith	185	2000000	375	295	455
72759	ace72759-fire	115	125000	223	194	174
72760	ace72760-fire	115	125000	335	260	420
72761	ace72761-frost	115	125000	223	194	174
72762	ace72762-frost	115	125000	335	260	420
72763	ace72763-electricity	115	125000	223	194	174
72764	ace72764-electricity	115	125000	335	260	420
72768	ace72768-fireplanestopgap	15	307	1	0	1
72769	ace72769-frostplanestopgap	15	307	1	0	1
72770	ace72770-electricplanestopgap	15	307	1	0	1
72771	ace72771-portalspacerift	15	307	1	0	1
72772	ace72772-portalspacerift	15	307	1	0	1
72773	ace72773-portalspacerift	15	307	1	0	1
72786	ace72786-adolescentashgromnie	200	1100000	410	380	440
72787	ace72787-adolescentazuregromnie	200	1100000	410	375	440
72788	ace72788-adolescentivorygromnie	200	1100000	410	375	440
72789	ace72789-emergentashgromnus	220	1400000	450	420	460
72790	ace72790-emergentazuregromnus	220	1400000	450	420	460
72791	ace72791-emergentivorygromnus	220	1400000	450	420	460
72792	ace72792-emergentrustgromnus	220	1400000	450	420	460
72795	ace72795-sathtikeyestalk	215	1300000	440	380	540
72796	ace72796-sathtiktendril	185	800000	400	340	500
72797	ace72797-sathtiktentacle	200	1100000	378	340	518
72800	ace72800-sclavusneophyte	220	1400000	440	375	420
72801	ace72801-sclavusneophyte	220	1400000	440	375	420
72803	ace72803-sclavussentinel	225	1550000	460	390	420
72805	ace72805-shikkenmoriyaki	425	2500000	510	366	660
72808	ace72808-slithistendrilvine	200	1400000	314	344	488
72811	ace72811-sclavusneophyte	220	1400000	440	375	420
72816	ace72816-tthuunpillarstopgap	15	307	1	0	1
72817	ace72817-tthuunpillarstopgap	15	307	1	0	1
72818	ace72818-tthuunpillarstopgap	15	307	1	0	1
72819	ace72819-tthuunpillarstopgap	15	307	1	0	1
72820	ace72820-tthuunpillarstopgap	15	307	1	0	1
72821	ace72821-tthuunpillarstopgap	15	307	1	0	1
72822	ace72822-tthuunpillarstopgap	15	307	1	0	1
72823	ace72823-tthuunpillarstopgap	15	307	1	0	1
72824	ace72824-tthuunpillarstopgap	15	307	1	0	1
72825	ace72825-tthuunpillarstopgap	15	307	1	0	1
72826	ace72826-tthuunpillarstopgap	15	307	1	0	1
72827	ace72827-tthuunpillarstopgap	15	307	1	0	1
72828	ace72828-tthuuntentaclestopgap	15	307	1	0	1
72829	ace72829-tthuuncounterstopgap	15	307	1	0	1
72835	ace72835-shadowchild	240	1850000	532	363	590
72836	ace72836-panumbrisshadow	240	1850000	532	363	590
72837	ace72837-voidlord	240	1850000	540	335	606
72838	ace72838-baelzharonsummoner	240	1850000	532	363	590
72839	ace72839-soldier	220	1300000	540	340	520
72840	ace72840-voidofbaelzharon	999	50000	0	20	200
72847	ace72847-baelzharonsummonerstopgap	15	307	1	0	1
72860	ace72860-soldier	220	1300000	540	340	520
72861	ace72861-bainurutheweaponsmith	7	80	0	0	0
72862	ace72862-roubehthebowyer	9	113	0	0	0
72863	ace72863-healerrilisou	7	105	0	0	0
72864	ace72864-armorerxaofen	10	139	0	0	0
72865	ace72865-jewelerlodaiou	6	35	0	0	0
72866	ace72866-michithebarkeep	7	59	0	0	0
72868	ace72868-panumbrisshadow	240	1850000	532	363	590
72869	ace72869-voidlord	240	1850000	540	335	606
72870	ace72870-soldier	220	1300000	540	340	520
72875	ace72875-gatekeeper	240	1850000	532	363	590
72876	ace72876-tershen	240	1850000	532	363	590
72877	ace72877-quaron	240	1850000	532	363	590
72878	ace72878-soldier	220	1300000	540	340	520
72880	ace72880-voidofbaelzharon	999	50000	0	20	200
72883	ace72883-shadowengineer	240	1850000	532	363	590
72884	ace72884-shadowengineer	240	1850000	532	363	590
72885	ace72885-baelzharonsummonerstopgap	15	307	1	0	1
72886	ace72886-baelzharonsummoner	240	1850000	532	363	590
72887	ace72887-tormentedspark	220	1400000	540	360	450
72889	ace72889-anangryspirit	68	4750	0	0	0
72901	ace72901-thughideoutcounter1	15	307	1	0	1
72902	ace72902-thughideoutgen	15	307	1	0	1
72904	ace72904-cookingvat	239	20166	0	0	0
72913	ace72913-mixingbasin	5	154	0	0	0
72914	ace72914-thrungus	300	10000	126	140	224
72915	ace72915-trappedtownsperson	300	220	2	0	2
72917	ace72917-theunknownwarrior	300	11500	433	350	450
72925	ace72925-thughideoutcounter2	15	307	1	0	1
72926	ace72926-thughideout2gen	15	307	1	0	1
72927	ace72927-thughideout3gen	15	307	1	0	1
72930	ace72930-thugboss	220	1400000	433	390	350
72932	ace72932-thughideoutcounter3	15	307	1	0	1
72933	ace72933-theunknownwarrior	300	11500	205	210	330
72935	ace72935-thughideoutstopgap	15	307	1	0	1
72937	ace72937-thughideoutresetstopgap	15	307	1	0	1
72952	ace72952-trappedtownsperson	300	220	2	0	2
72955	ace72955-banderlingsmasher	185	800000	390	340	410
72956	ace72956-skeletonnoble	185	800000	380	300	477
72957	ace72957-rytheransapprentice	200	1500000	337	320	350
72970	ace72970-mosswartmessenger	175	800000	420	320	460
72971	ace72971-mosswartdirector	220	1400000	420	320	460
72972	ace72972-mosswartworker	200	1100000	420	320	460
72973	ace72973-mosswartgrunt	200	1100000	420	320	460
72974	ace72974-shady	80	30000	223	232	326
72976	ace72976-bubba	80	1100000	380	460	405
72978	ace72978-spot	95	17500	210	215	335
72982	ace72982-mosswarttribesman	185	800000	420	320	460
72983	ace72983-scavengingrat	200	1100000	522	380	550
72985	ace72985-shady	80	30000	223	232	326
72987	ace72987-bubba	80	1100000	380	460	405
72989	ace72989-spot	95	17500	210	215	335
72991	ace72991-mosswartworker	175	800000	420	320	460
72992	ace72992-mosswartgrunt	200	175000	420	320	460
72993	ace72993-mosswartdirector	220	1400000	420	320	460
73011	ace73011-despairwisp	265	1950000	398	280	500
73051	ace73051-andrilos	135	140000	220	315	380
73061	ace73061-esperminecommander	135	250000	330	350	420
73065	ace73065-direlandsminecommander	135	250000	330	350	420
73070	ace73070-doorkeeperknight	115	149500	340	275	360
73152	ace73152-aerbaxprotectorcontroller	15	307	1	0	1
73154	ace73154-algidwarrior	165	4000000	395	305	410
73156	ace73156-isindulescaptain	160	470000	400	323	440
73172	ace73172-ungrimtheunpleasantsmelling	50	3709	2	0	2
73178	ace73178-darkguardian	160	1500000	300	279	410
73179	ace73179-lichoppressor	160	500000	330	284	455
73180	ace73180-shamblingadherent	160	500000	200	220	245
73181	ace73181-oldzombie	110	125000	325	295	430
73183	ace73183-wall	1	500	1	1	1
73184	ace73184-orisis	160	1500000	300	279	410
73186	ace73186-towncrier	30	324	1	0	1
73195	ace73195-controlledtusker	115	125000	280	290	385
73196	ace73196-restrainedtusker	135	250000	290	345	410
73197	ace73197-virindisubjugator	160	500000	320	295	415
73199	ace73199-limestonesentinel	160	500000	347	184	236
73200	ace73200-obsidiansentinel	160	500000	347	184	236
73212	ace73212-haltdericostritualresetstopgap	15	307	1	0	1
73214	ace73214-guroggrump	220	1400000	471	320	212
73215	ace73215-gurogmastermind	300	4000000	468	320	210
73216	ace73216-max	300	4000000	450	380	540
73221	ace73221-gurogpresentraidsresetstopgap	15	307	1	0	1
73223	ace73223-deletesignalstopgap	15	307	1	0	1
73224	ace73224-presentraidsstopgap	15	307	1	0	1
73225	ace73225-drudgeballoon	115	125000	280	249	215
73227	ace73227-drudgepilferer	200	1100000	580	350	560
73228	ace73228-drudgepilferer	200	1100000	580	350	560
73232	ace73232-drudgepresentraidsresetstopgap	15	307	1	0	1
73234	ace73234-strangedevice1watcher	15	307	1	0	1
73236	ace73236-strangedevice1rewardgiver	15	307	1	0	1
73237	ace73237-strangedevice2watcher	15	307	1	0	1
73239	ace73239-strangedevice2rewardgiver	15	307	1	0	1
73240	ace73240-strangedevice4watcher	15	307	1	0	1
73242	ace73242-strangedevice4rewardgiver	15	307	1	0	1
73244	ace73244-vatofolthoijelly	0	3619	0	0	0
73247	ace73247-wellofblood	0	3619	0	0	0
73251	ace73251-poolofwater	0	3619	0	0	0
73256	ace73256-eyestalkoftthuun	160	500000	440	340	430
80015	ace80015-carenziracecontroller	15	307	1	0	1
80017	ace80017-holidayeventsstopgap!	15	307	1	0	1
80030	ace80030-unchainedknight	160	232000	350	333	445
80031	ace80031-royalvivimancer	185	800000	270	250	280
80032	ace80032-mastervivimancer	135	250000	270	250	280
80033	ace80033-vivimanceradept	135	250000	270	250	280
80034	ace80034-royalinquisitor	185	800000	270	250	280
80035	ace80035-ravenouseater	135	250000	325	320	380
80049	ace80049-royalthaumaturge	135	250000	270	250	280
80053	ace80053-viamontianwarwizard	115	125000	270	250	280
80056	ace80056-adeptofacid	135	250000	260	250	300
80057	ace80057-adeptoffire	135	250000	260	250	300
80058	ace80058-adeptoffrost	135	250000	260	250	300
80059	ace80059-adeptoflightning	135	250000	260	250	300
80066	ace80066-tombrubble	66	4517	1	0	1
80068	ace80068-fallfestivaleventsstopgap!	15	307	1	0	1
80079	ace80079-hotsoupelemental	20	900	0	32	20
80080	ace80080-pancakegolem	15	700	0	32	20
80081	ace80081-syrupelemental	20	850	0	32	20
80082	ace80082-gummyursuin	20	1250	46	42	86
80083	ace80083-sugarcrystal	20	1500	100	80	150
80084	ace80084-gelatin	15	825	100	30	20
80085	ace80085-lilpatofbutter	15	825	100	30	20
80086	ace80086-sentientoven	15	825	100	30	20
80087	ace80087-pinknanjoushoujen	8	225	5	30	35
80092	ace80092-gladysthegolemwaitress	710	850	0	32	20
80093	ace80093-ponmi	8	225	5	30	35
80094	ace80094-corpseofponmi	8	225	5	30	35
80102	ace80102-statueofdeath	18	661	1	0	1
80103	ace80103-statueofilluminatingdeath	18	661	1	0	1
80104	ace80104-statueofhighillumination	18	661	1	0	1
80105	ace80105-statueofextremeillumination	18	661	1	0	1
80135	ace80135-statueofilluminatingdeath	18	661	1	0	1
80136	ace80136-statueofilluminatingdeath	18	661	1	0	1
80137	ace80137-statueofilluminatingdeath	18	661	1	0	1
80138	ace80138-statueofilluminatingdeath	18	661	1	0	1
80139	ace80139-statueofhighillumination	18	661	1	0	1
80150	ace80150-tremendousbabymonouga	499	6000000	365	390	480
80151	ace80151-eggsploder	15	307	1	0	1
80221	ace80221-newyeareventsstopgap!	15	307	1	0	1
80223	ace80223-newyearsdayeventsstopgap!	15	307	1	0	1
80229	ace80229-royalweddinganniversarystopgap!	15	307	1	0	1
80233	ace80233-spectralghost	15	307	1	0	1
80352	ace80352-freebootercelhanstopgap!	15	307	1	0	1
80353	ace80353-freebootereldwebstopgap!	15	307	1	0	1
80354	ace80354-freebooterradblostopgap!	15	307	1	0	1
80400	ace80400-northwatchcelhanstopgap!	15	307	1	0	1
80401	ace80401-northwatcheldwebstopgap!	15	307	1	0	1
80402	ace80402-northwatchradblostopgap!	15	307	1	0	1
80421	ace80421-mastermactavish	250	293	1	0	1
80422	ace80422-mastermehkaralqalam	250	340	1	0	1
80427	ace80427-consolata	200	376	1	0	1
80428	ace80428-digby	200	293	1	0	1
80429	ace80429-ilnorradenasta	200	376	1	0	1
80430	ace80430-lormishlittlefinger	200	293	1	0	1
80431	ace80431-calhoun	200	274	1	0	1
80432	ace80432-janarisbintbazheer	200	324	1	0	1
80433	ace80433-paklishung	200	274	1	0	1
80434	ace80434-chiriko	185	376	1	0	1
80435	ace80435-kagami	185	376	1	0	1
80436	ace80436-hanzo	185	274	1	0	1
80437	ace80437-bayani	185	274	1	0	1
80439	ace80439-valerianmcgreggor	180	293	1	0	1
80520	ace80520-luminancewisp	115	125000	333	205	430
80521	ace80521-luminancewisp	115	125000	333	205	430
80522	ace80522-luminancewisp	115	125000	333	205	430
80523	ace80523-chestofmanaforgekeys	115	125000	333	205	430
80524	ace80524-chestoftradenotes	115	125000	333	205	430
81087	ace81087-blackrat	15	2000	25	34	64
81088	ace81088-weakmangycarenzi	125	125000	220	300	284
87018	ace87018-smallsandgolem	100	80000	260	210	350
87025	ace87025-strangedevicethreewatcher	15	307	1	0	1
87027	ace87027-strangedevicethreecontroller	15	307	1	0	1
87031	ace87031-secondscenecontroller	15	307	1	0	1
87041	ace87041-knorrquddityseedeventwatcher	15	307	1	0	1
87047	ace87047-knorrquddityseedeventstarter	15	307	1	0	1
87075	ace87075-hearheaga	115	80000	220	210	360
87078	ace87078-rheagascompanion	160	500000	155	126	250
87088	ace87088-hulkingbunny	115	3	300	111	220
87089	ace87089-blackrabbit	4	800	0	0	0
87090	ace87090-blackbunny	2	3	0	0	0
87092	ace87092-springeventstopgap!	15	307	1	0	1
87094	ace87094-whiterabbit	666	1302592	0	210	200
87097	ace87097-vaultmistressshilaanisri	161	500000	330	275	450
87099	ace87099-vaultmistressniktarixsu	161	500000	330	275	450
87100	ace87100-westarmorycaptain	265	1315000	383	240	270
87101	ace87101-northarmorycaptain	265	2500000	383	240	270
87102	ace87102-eastarmorycaptain	265	2500000	383	240	270
87103	ace87103-southarmorycaptain	265	2500000	383	240	270
87120	ace87120-abominablesnowman	135	500000	325	206	235
87122	ace87122-scold	80	30000	275	220	375
87124	ace87124-scoldchunk	60	17500	275	220	375
87126	ace87126-scoldlump	40	7000	275	220	375
87129	ace87129-crystalofthedarkisle	275	1500000	374	315	315
87132	ace87132-rock	68	4750	0	0	0
87133	ace87133-rock	68	4750	0	0	0
87134	ace87134-rock	68	4750	0	0	0
87135	ace87135-rock	68	4750	0	0	0
87136	ace87136-rock	68	4750	0	0	0
87137	ace87137-rock	68	4750	0	0	0
87138	ace87138-rock	68	4750	0	0	0
87165	ace87165-monsterfightscontroller	15	307	1	0	1
87170	ace87170-bloodstonefragment	220	1000000	360	395	367
87174	ace87174-pyrechampion	265	2200000	450	320	460
87191	ace87191-lordwinstead	425	1800000	180	320	397
87192	ace87192-filinuvektahieromancer	425	1400000	180	320	397
87201	ace87201-celestialilluminator	185	135000	576	170	149
87217	ace87217-tainteddesolationmoarsman	120	44714	332	282	432
87219	ace87219-ruschktotemguardian	620	800000	430	330	396
87224	ace87224-burunmessenger	135	9000000	325	189	256
87251	ace87251-frozenicegolem	170	225000	420	223	292
87252	ace87252-freezingmistgolem	190	30000	420	223	292
87259	ace87259-frozengearknight	275	20875	320	170	320
87261	ace87261-frozengearknight	275	20875	320	170	320
87262	ace87262-frozencavegearknightcontroller	15	307	1	0	1
87270	ace87270-deewainschambercontroller	15	307	1	0	1
87275	ace87275-quiddityseed	15	307	1	0	1
87276	ace87276-witheredreveredtumerokshaman	160	1500000	320	295	430
87277	ace87277-stout	66	4517	1	0	1
87283	ace87283-voidknight	160	1500000	245	315	350
87284	ace87284-ravenaugur	160	500000	340	270	520
87306	ace87306-boshbosh	215	2500000	433	323	333
87313	ace87313-abbesstirlivik	100	800000	280	201	208
87316	ace87316-matriarchvikliridi	135	250000	313	211	228
87318	ace87318-putridmoar	100	80000	237	185	182
87319	ace87319-spiketooth	150	800000	280	400	367
87323	ace87323-abbesskivit	61	13000	213	106	168
87329	ace87329-burunshamanstopgap	15	307	1	0	1
87330	ace87330-burunshamancontroller	15	307	1	0	1
87334	ace87334-tormentedservant	50	10000	203	131	162
87335	ace87335-harraag	437	1750000	280	240	420
87348	ace87348-largeimprisonedmonouga	115	5000000	233	169	180
87352	ace87352-hugeimprisonedmonouga	499	30000000	183	106	150
87367	ace87367-drudgecaretaker	125	125000	280	249	370
87382	ace87382-drudgebiter	135	250000	305	295	400
87383	ace87383-captainburnja	135	30000	232	182	145
87388	ace87388-bonecrunch	161	1500000	380	298	292
87432	ace87432-kernelklank	115	125000	313	260	375
87472	ace87472-shroudcaballeyleech	80	30000	237	263	282
87474	ace87474-blightfinger	115	125000	350	325	320
87479	ace87479-tchktainthetender	235	1400000	260	375	375
87504	ace87504-empyreanrescuequeststopgap	15	307	1	0	1
87505	ace87505-empyreanrescuewatcher	15	307	1	0	1
87516	ace87516-faurset	160	5000000	300	196	252
87517	ace87517-liantor	160	5000000	300	196	252
87518	ace87518-targor	220	1400000	373	251	284
87530	ace87530-summoningchamberadept	135	250000	330	350	420
87531	ace87531-boundfalatacot	135	250000	325	302	230
87542	ace87542-acolyteherren	155	500000	350	360	380
87543	ace87543-fledgling	160	500000	293	198	255
87556	ace87556-dustguardian	300	4000000	475	415	460
87563	ace87563-ruschksadistwarchief	115	125000	355	195	218
87569	ace87569-ruschkaspectofgrael	155	500000	325	169	235
87571	ace87571-homingfireball	150	300000	317	209	230
87578	ace87578-ruschkstalker	135	250000	280	173	192
87589	ace87589-mumiyahvizier	240	1850000	520	320	390
87595	ace87595-countdardante	185	200000	337	216	208
87605	ace87605-shadowaspectofgrael	200	500000	200	250	150
87606	ace87606-rock	68	4750	0	0	0
87607	ace87607-rock	68	4750	0	0	0
87608	ace87608-rock	68	4750	0	0	0
87609	ace87609-rock	68	4750	0	0	0
87610	ace87610-rock	68	4750	0	0	0
87611	ace87611-rock	68	4750	0	0	0
87612	ace87612-rock	68	4750	0	0	0
87614	ace87614-mumiyahchampion	220	1400000	470	320	390
87620	ace87620-ruschkchiefgaraktar	135	250000	347	222	235
87645	ace87645-tanadashrineofstorms	66	4517	1	0	1
87646	ace87646-tanadashrineofwind	66	4517	1	0	1
87647	ace87647-tanadashrineofbreath	66	4517	1	0	1
87648	ace87648-masterofstorms	115	125000	260	179	415
87649	ace87649-masterofwind	115	125000	267	179	198
87651	ace87651-masterofbreath	115	125000	260	179	415
87653	ace87653-enlightenedmaster	115	125000	260	179	415
87657	ace87657-masterofearth	115	125000	260	179	415
87659	ace87659-masterofstone	115	125000	260	179	415
87661	ace87661-masterofmetal	115	125000	260	179	415
87665	ace87665-tanadashrineofearth	66	4517	1	0	1
87666	ace87666-tanadashrineofstone	66	4517	1	0	1
87667	ace87667-tanadashrineofmetal	66	4517	1	0	1
87673	ace87673-acolyteofearth	115	125000	235	179	415
87674	ace87674-acolyteofstone	115	125000	235	179	415
87675	ace87675-acolyteofmetal	115	125000	235	179	415
87678	ace87678-consultothetanada	125	250000	330	199	258
87681	ace87681-masterofdecay	115	125000	255	173	194
87685	ace87685-blackwatergatekeeper	115	125000	260	179	415
87687	ace87687-masterofthedepths	115	125000	260	179	415
87689	ace87689-fistofthedepths	115	125000	260	179	415
87692	ace87692-watcheroftheblackwater	135	250000	355	223	264
87710	ace87710-guardianofstasis	115	125000	271	177	199
87732	ace87732-bragarathechosenone	185	800000	251	183	196
87753	ace87753-masterofwind	115	125000	267	179	198
87769	ace87769-mosswartcynic	240	1850000	333	243	248
87791	ace87791-raymond	275	318	1	0	1
87797	ace87797-jan	5	318	1	0	1
87799	ace87799-natalie	5	318	1	0	1
87801	ace87801-michelle	5	318	1	0	1
87803	ace87803-chrissy	5	318	1	0	1
87805	ace87805-cindy	5	318	1	0	1
87807	ace87807-blair	5	318	1	0	1
87809	ace87809-stephanie	5	318	1	0	1
87811	ace87811-janet	5	318	1	0	1
87813	ace87813-marcia	5	318	1	0	1
87815	ace87815-joanne	5	318	1	0	1
87817	ace87817-kim	5	318	1	0	1
87819	ace87819-jenny	5	318	1	0	1
87822	ace87822-poolofgoo	66	4517	0	0	0
87829	ace87829-sclavusacolyteoftthuun	220	1	260	375	375
87830	ace87830-olthoislasher	185	1	360	315	350
87848	ace87848-mumiyahlord	300	2000000	500	400	460
87849	ace87849-mumiyahsentinel	240	1850000	510	344	425
88067	ace88067-tchkeryktheemissary	235	1100000	395	395	405
88070	ace88070-moarsmanblightcaller	225	1400000	403	380	430
88076	ace88076-giantblessedmoarsman	225	1400000	403	380	430
88080	ace88080-mumiyahguardian	240	1850000	470	350	390
88081	ace88081-spectralbloodmage	265	2500000	417	379	600
88082	ace88082-spectralsamurai	265	2500000	510	366	660
88083	ace88083-spectralarcher	240	1850000	530	379	620
88084	ace88084-spectralarcher	240	1850000	530	379	620
88087	ace88087-spectralsamurai	265	2500000	510	366	660
88088	ace88088-spectralminion	240	1400000	400	379	620
88089	ace88089-spectralminion	240	1400000	400	379	620
88090	ace88090-spectralblademaster	245	1850000	427	363	580
88091	ace88091-spectralbushi	220	1400000	457	374	620
88092	ace88092-spectralvoidmage	265	2500000	417	379	600
88093	ace88093-spectralvoidmage	265	2500000	417	379	600
88113	ace88113-portalenergy	68	4750	0	0	0
88115	ace88115-portalenergy	68	4750	0	0	0
88122	ace88122-swampphyntoswasp	240	1400000	390	350	380
88137	ace88137-margulroamer	200	500000	300	280	430
88138	ace88138-fiercemargulroamer	220	500000	350	340	430
88139	ace88139-viciousmargulroamer	240	1000000	480	365	508
88145	ace88145-gurogbruiser	240	1400000	470	320	420
88154	ace88154-drudgewilter	240	1500000	380	377	445
88159	ace88159-remoransapper	200	395000	355	315	365
88160	ace88160-fierceremoransapper	200	270000	380	290	330
88165	ace88165-mukkir	200	1100000	400	390	400
88166	ace88166-fiercemukkir	220	1400000	410	405	410
88167	ace88167-viciousmukkir	240	1850000	440	435	450
88184	ace88184-renegadeelitetrooper	115	125000	300	200	335
88186	ace88186-renegadeadeptshaman	185	800000	305	285	375
88187	ace88187-guardianoftheritual	115	125000	300	200	335
88188	ace88188-renegadevirindi	115	125000	340	280	395
88189	ace88189-gotrokextias	185	800000	360	335	450
88190	ace88190-gotrokligias	185	800000	360	335	450
88191	ace88191-gotrokornost	160	500000	320	315	390
88203	ace88203-sathtikeyestalk	215	1300000	500	380	540
88204	ace88204-sathtiktendril	185	800000	520	380	540
88205	ace88205-sathtiktentacle	200	1100000	520	360	540
88211	ace88211-dunehunter	200	1100000	410	390	420
88212	ace88212-dunereaper	240	1450000	460	410	450
88213	ace88213-duneseeker	220	1400000	440	405	425
88214	ace88214-guardiandunereaper	265	2000000	500	425	470
88230	ace88230-spectralarcher	240	1850000	530	379	620
88231	ace88231-spectralbushi	220	1400000	457	374	620
88232	ace88232-spectralminion	240	1400000	400	379	620
88233	ace88233-spectralsamurai	265	2500000	510	351	660
88234	ace88234-spectralvoidmage	265	2500000	417	379	600
88235	ace88235-natureguardian	265	2500000	400	345	460
88236	ace88236-summonedwisp	200	1300000	383	440	470
88240	ace88240-empoweredcarenziravager	240	1300000	400	405	460
88241	ace88241-empoweredsavagecarenzi	220	1400000	360	380	440
88286	ace88286-kazykrisraidcommander	210	750000	340	251	264
88287	ace88287-minikrasraidcommander	210	750000	340	251	264
88288	ace88288-nivinizksraidcommander	210	750000	340	251	264
88290	ace88290-moarsmanmarauder	220	125000	380	325	387
88291	ace88291-moarsmanraider	160	120000	180	230	230
88292	ace88292-sclavusmarauder	220	1400000	260	375	375
88293	ace88293-sclavusraider	185	800000	360	345	375
88294	ace88294-falatacotmarauder	200	1100000	375	320	405
88295	ace88295-falatacotraider	185	615000	355	310	405
88296	ace88296-falatacotraider	185	615000	355	310	405
88297	ace88297-patriarchsexecutioner	200	615000	365	320	415
88298	ace88298-patriarchsexecutioner	200	615000	365	320	415
88299	ace88299-patriarchschampion	215	615000	365	320	415
88300	ace88300-patriarchschampion	215	615000	365	320	415
88301	ace88301-patriarchschampion	215	615000	365	320	415
88302	ace88302-patriarchseliteraider	185	515000	335	300	385
88303	ace88303-patriarchseliteraider	185	515000	335	300	385
88304	ace88304-patriarchseliteraider	185	515000	335	300	385
88305	ace88305-patriarchsinquisitor	185	515000	335	300	385
88306	ace88306-patriarchsinquisitor	185	515000	335	300	385
88307	ace88307-patriarchsinquisitor	185	515000	335	300	385
88340	ace88340-gumdrop	220	1400000	433	350	350
88341	ace88341-gumdrop	220	1400000	433	350	350
88342	ace88342-gumdrop	220	1400000	433	350	350
88343	ace88343-gumdrop	220	1400000	433	350	350
88344	ace88344-snowmansentry	185	1000000	325	303	305
88345	ace88345-santasclavus	275	1001	358	0	255
88346	ace88346-santasclavus	275	1001	358	197	255
88347	ace88347-moarself	220	1001	200	220	315
88362	ace88362-moarself	220	10000	100	125	195
88365	ace88365-moarself	220	1001	200	220	315
88366	ace88366-moarself	220	1001	200	220	315
88367	ace88367-moarself	220	1001	200	220	315
88369	ace88369-moarself	220	1001	200	220	315
88370	ace88370-moarself	220	1001	200	220	315
88371	ace88371-moarself	220	1001	200	220	315
88372	ace88372-moarself	220	1001	200	220	315
88373	ace88373-moarself	220	1001	200	220	315
88385	ace88385-uberpenguin	240	1500000	130	95	295
88388	ace88388-uberpenguin	240	1500000	130	95	295
88391	ace88391-uberpenguin	240	1500000	130	95	295
88394	ace88394-uberpenguin	240	1500000	130	95	295
88395	ace88395-santasclavus	275	1400000	350	375	375
88398	ace88398-moarself	220	1400000	425	385	400
88399	ace88399-gumdrop	220	1400000	433	350	350
88437	ace88437-aerlintheblightlord	115	125000	375	320	405
88438	ace88438-amunblightlord	115	125000	375	320	405
88439	ace88439-esperblightlord	115	125000	375	320	405
88440	ace88440-halaetanblightlord	115	125000	375	320	405
88441	ace88441-linvakblightlord	115	125000	375	320	405
88442	ace88442-obsidianblightlord	115	125000	375	320	405
88443	ace88443-blightguardian	220	800000	260	375	375
88444	ace88444-highpriestessoftthuun	215	5000000	310	280	350
88447	ace88447-afessasclavusguardian	235	1850000	360	345	375
88451	ace88451-rbpalmfortrewardsstopgap	15	307	1	0	1
88452	ace88452-rbpalmfortstopgap	15	307	1	0	1
88454	ace88454-rbpalmfortrewardsstopgap	15	307	1	0	1
88455	ace88455-reinforcementsoldier	215	1300000	395	311	350
88459	ace88459-ewpalmfortrewardsstopgap	15	307	1	0	1
88460	ace88460-ewpalmfortstopgap	15	307	1	0	1
88462	ace88462-reinforcementsoldier	215	1300000	395	311	350
88466	ace88466-chpalmfortrewardsstopgap	15	307	1	0	1
88467	ace88467-chpalmfortstopgap	15	307	1	0	1
90107	ace90107-daimyonobanuga	305	2500000	564	373	653
90108	ace90108-daimyoidah	305	2500000	564	373	653
